order_id,order_date,region,category,product,customer_segment,quantity,unit_price,discount,revenue,cost,profit
ORD-00001,2025-08-02,North,Electronics,Headphones,Corporate,1,149.0,0.2,119.2,69.34,49.86
ORD-00002,2025-01-21,North,Sports,Dumbbells,Corporate,1,34.99,0.0,34.99,16.89,18.1
ORD-00003,2025-05-17,North,Clothing,Dress,Wholesale,4,59.99,0.1,215.96,124.15,91.81
ORD-00004,2022-01-14,South,Sports,Treadmill,Wholesale,3,499.0,0.1,1347.3,722.0,625.3
ORD-00005,2022-07-29,North,Sports,Dumbbells,Retail,3,34.99,0.0,104.97,56.74,48.23
ORD-00006,2024-07-29,North,Sports,Dumbbells,Corporate,5,34.99,0.0,174.95,100.49,74.46
ORD-00007,2024-01-11,South,Electronics,Laptop,Retail,2,899.0,0.0,1798.0,1039.78,758.22
ORD-00008,2024-02-18,East,Sports,Treadmill,Corporate,2,499.0,0.0,998.0,502.28,495.72
ORD-00009,2023-07-01,North,Clothing,Dress,Wholesale,2,59.99,0.1,107.98,62.31,45.67
ORD-00010,2025-08-03,South,Home & Kitchen,Mixer,Wholesale,2,39.99,0.1,71.98,45.65,26.33
ORD-00011,2023-07-03,North,Clothing,Dress,Wholesale,3,59.99,0.1,161.97,98.68,63.29
ORD-00012,2025-08-09,West,Clothing,Jacket,Corporate,2,89.99,0.1,161.98,95.54,66.44
ORD-00013,2025-04-12,West,Sports,Treadmill,Retail,3,499.0,0.0,1497.0,788.06,708.94
ORD-00014,2022-04-07,North,Clothing,Jeans,Wholesale,4,49.99,0.1,179.96,91.89,88.07
ORD-00015,2025-05-05,West,Home & Kitchen,Lamp,Corporate,1,24.99,0.0,24.99,13.8,11.19
ORD-00016,2023-07-01,East,Electronics,Headphones,Corporate,3,149.0,0.0,447.0,265.1,181.9
ORD-00017,2023-06-24,South,Electronics,Headphones,Retail,5,149.0,0.0,745.0,377.03,367.97
ORD-00018,2025-01-09,North,Home & Kitchen,Vacuum,Wholesale,1,129.99,0.1,116.99,76.61,40.38
ORD-00019,2023-05-06,North,Clothing,Dress,Retail,1,59.99,0.0,59.99,33.58,26.41
ORD-00020,2024-12-26,South,Clothing,Sneakers,Corporate,5,79.99,0.0,399.95,195.88,204.07
ORD-00021,2024-05-16,South,Clothing,Jacket,Wholesale,4,89.99,0.2,287.97,197.07,90.9
ORD-00022,2024-11-25,West,Electronics,Smartphone,Retail,1,699.0,0.1,629.1,338.68,290.42
ORD-00023,2022-01-15,North,Electronics,Smartphone,Retail,1,699.0,0.0,699.0,321.98,377.02
ORD-00024,2023-07-25,West,Clothing,Dress,Retail,2,59.99,0.1,107.98,64.36,43.62
ORD-00025,2024-08-26,West,Clothing,T-Shirt,Wholesale,1,19.99,0.1,17.99,10.27,7.72
ORD-00026,2022-04-21,North,Electronics,Monitor,Retail,3,279.0,0.0,837.0,407.87,429.13
ORD-00027,2025-01-03,West,Clothing,Sneakers,Retail,2,79.99,0.0,159.98,92.98,67.0
ORD-00028,2024-06-26,North,Electronics,Tablet,Wholesale,1,329.0,0.1,296.1,156.26,139.84
ORD-00029,2024-09-12,South,Sports,Dumbbells,Wholesale,2,34.99,0.1,62.98,31.51,31.47
ORD-00030,2023-06-28,West,Home & Kitchen,Vacuum,Wholesale,6,129.99,0.1,701.95,369.08,332.87
ORD-00031,2023-03-22,North,Electronics,Headphones,Corporate,1,149.0,0.05,141.55,78.29,63.26
ORD-00032,2022-11-19,North,Electronics,Smartphone,Wholesale,1,699.0,0.2,559.2,404.91,154.29
ORD-00033,2022-09-03,South,Electronics,Tablet,Wholesale,1,329.0,0.1,296.1,175.94,120.16
ORD-00034,2023-06-19,South,Home & Kitchen,Coffee Maker,Corporate,3,59.99,0.05,170.97,84.52,86.45
ORD-00035,2023-09-07,West,Home & Kitchen,Mixer,Retail,1,39.99,0.1,35.99,23.97,12.02
ORD-00036,2025-01-06,South,Home & Kitchen,Coffee Maker,Wholesale,3,59.99,0.1,161.97,104.72,57.25
ORD-00037,2023-08-07,South,Sports,Resistance Band,Corporate,3,15.99,0.1,43.17,28.67,14.5
ORD-00038,2024-12-19,North,Home & Kitchen,Mixer,Retail,2,39.99,0.0,79.98,37.38,42.6
ORD-00039,2025-02-07,South,Home & Kitchen,Toaster,Retail,5,29.99,0.0,149.95,83.62,66.33
ORD-00040,2025-11-08,East,Sports,Treadmill,Wholesale,1,499.0,0.1,449.1,272.03,177.07
ORD-00041,2022-04-01,North,Home & Kitchen,Coffee Maker,Corporate,3,59.99,0.0,179.97,101.0,78.97
ORD-00042,2025-12-16,West,Electronics,Laptop,Wholesale,1,899.0,0.1,809.1,478.12,330.98
ORD-00043,2025-04-07,South,Sports,Yoga Mat,Retail,1,24.99,0.0,24.99,12.61,12.38
ORD-00044,2024-01-03,South,Clothing,T-Shirt,Wholesale,3,19.99,0.1,53.97,34.94,19.03
ORD-00045,2025-06-25,South,Clothing,Jeans,Corporate,2,49.99,0.05,94.98,45.36,49.62
ORD-00046,2023-11-12,West,Clothing,Jacket,Retail,2,89.99,0.0,179.98,91.32,88.66
ORD-00047,2024-08-21,South,Clothing,Sneakers,Retail,3,79.99,0.0,239.97,137.52,102.45
ORD-00048,2023-04-02,North,Clothing,Sneakers,Wholesale,3,79.99,0.1,215.97,139.1,76.87
ORD-00049,2023-12-21,West,Home & Kitchen,Mixer,Wholesale,1,39.99,0.1,35.99,19.07,16.92
ORD-00050,2022-03-20,North,Sports,Treadmill,Corporate,3,499.0,0.05,1422.15,809.77,612.38
ORD-00051,2022-08-25,West,Clothing,Jacket,Corporate,1,89.99,0.0,89.99,47.51,42.48
ORD-00052,2025-11-07,South,Home & Kitchen,Vacuum,Corporate,1,129.99,0.2,103.99,76.45,27.54
ORD-00053,2023-10-05,North,Home & Kitchen,Lamp,Wholesale,3,24.99,0.2,59.98,38.33,21.65
ORD-00054,2025-11-28,East,Clothing,Jeans,Corporate,4,49.99,0.2,159.97,118.19,41.78
ORD-00055,2022-12-23,East,Sports,Resistance Band,Wholesale,1,15.99,0.1,14.39,7.88,6.51
ORD-00056,2025-04-02,East,Sports,Water Bottle,Wholesale,4,12.99,0.2,41.57,25.05,16.52
ORD-00057,2022-12-14,North,Home & Kitchen,Lamp,Retail,5,24.99,0.0,124.95,57.98,66.97
ORD-00058,2025-10-09,East,Clothing,Jeans,Wholesale,2,49.99,0.1,89.98,45.68,44.3
ORD-00059,2025-06-05,North,Sports,Water Bottle,Wholesale,5,12.99,0.1,58.46,36.23,22.23
ORD-00060,2024-10-09,West,Clothing,Jeans,Retail,1,49.99,0.0,49.99,28.33,21.66
ORD-00061,2022-12-27,West,Electronics,Tablet,Corporate,2,329.0,0.0,658.0,375.2,282.8
ORD-00062,2024-12-23,East,Sports,Resistance Band,Corporate,5,15.99,0.05,75.95,45.94,30.01
ORD-00063,2024-07-02,South,Sports,Water Bottle,Wholesale,3,12.99,0.1,35.07,22.45,12.62
ORD-00064,2024-12-03,West,Clothing,Jacket,Wholesale,3,89.99,0.1,242.97,130.98,111.99
ORD-00065,2023-10-17,North,Clothing,Jeans,Corporate,2,49.99,0.05,94.98,55.4,39.58
ORD-00066,2023-03-15,North,Sports,Water Bottle,Retail,3,12.99,0.1,35.07,20.26,14.81
ORD-00067,2023-02-28,West,Sports,Resistance Band,Retail,1,15.99,0.1,14.39,8.11,6.28
ORD-00068,2023-12-22,East,Sports,Water Bottle,Corporate,5,12.99,0.2,51.96,36.38,15.58
ORD-00069,2023-03-28,West,Clothing,Jacket,Corporate,4,89.99,0.05,341.96,180.13,161.83
ORD-00070,2024-04-08,South,Sports,Yoga Mat,Wholesale,5,24.99,0.1,112.45,56.73,55.72
ORD-00071,2025-04-27,North,Electronics,Monitor,Wholesale,2,279.0,0.1,502.2,255.31,246.89
ORD-00072,2023-11-02,South,Sports,Treadmill,Wholesale,3,499.0,0.1,1347.3,736.13,611.17
ORD-00073,2023-06-01,North,Sports,Dumbbells,Wholesale,5,34.99,0.1,157.46,104.97,52.49
ORD-00074,2023-04-05,North,Electronics,Laptop,Retail,1,899.0,0.0,899.0,488.34,410.66
ORD-00075,2022-09-16,West,Electronics,Tablet,Corporate,1,329.0,0.0,329.0,156.33,172.67
ORD-00076,2022-08-23,South,Home & Kitchen,Mixer,Corporate,5,39.99,0.0,199.95,117.84,82.11
ORD-00077,2025-10-19,West,Sports,Yoga Mat,Corporate,1,24.99,0.2,19.99,12.16,7.83
ORD-00078,2023-09-10,North,Electronics,Headphones,Corporate,5,149.0,0.0,745.0,342.96,402.04
ORD-00079,2023-11-30,North,Sports,Water Bottle,Corporate,1,12.99,0.05,12.34,7.72,4.62
ORD-00080,2024-07-30,South,Sports,Yoga Mat,Corporate,5,24.99,0.2,99.96,61.29,38.67
ORD-00081,2024-09-17,West,Sports,Resistance Band,Retail,3,15.99,0.0,47.97,27.56,20.41
ORD-00082,2023-07-26,West,Clothing,Sneakers,Wholesale,6,79.99,0.1,431.95,240.19,191.76
ORD-00083,2023-10-28,South,Sports,Yoga Mat,Corporate,3,24.99,0.0,74.97,37.56,37.41
ORD-00084,2025-12-07,East,Electronics,Tablet,Corporate,1,329.0,0.2,263.2,168.11,95.09
ORD-00085,2023-05-08,West,Sports,Water Bottle,Retail,1,12.99,0.0,12.99,6.63,6.36
ORD-00086,2023-09-20,East,Sports,Resistance Band,Corporate,5,15.99,0.0,79.95,41.08,38.87
ORD-00087,2025-02-01,East,Home & Kitchen,Vacuum,Retail,3,129.99,0.0,389.97,190.19,199.78
ORD-00088,2023-01-30,East,Electronics,Tablet,Corporate,1,329.0,0.2,263.2,171.95,91.25
ORD-00089,2025-04-22,East,Electronics,Smartphone,Corporate,2,699.0,0.0,1398.0,692.49,705.51
ORD-00090,2024-12-29,South,Home & Kitchen,Mixer,Retail,1,39.99,0.1,35.99,19.75,16.24
ORD-00091,2025-07-30,West,Electronics,Laptop,Retail,5,899.0,0.0,4495.0,2147.06,2347.94
ORD-00092,2023-06-02,West,Electronics,Laptop,Retail,4,899.0,0.2,2876.8,1647.12,1229.68
ORD-00093,2025-02-26,East,Electronics,Smartphone,Corporate,1,699.0,0.05,664.05,378.12,285.93
ORD-00094,2023-04-08,West,Sports,Water Bottle,Corporate,4,12.99,0.05,49.36,25.76,23.6
ORD-00095,2022-05-04,North,Clothing,Jeans,Retail,3,49.99,0.2,119.98,69.31,50.67
ORD-00096,2022-12-22,North,Clothing,T-Shirt,Wholesale,4,19.99,0.1,71.96,44.25,27.71
ORD-00097,2023-08-20,North,Clothing,Jacket,Retail,3,89.99,0.2,215.98,156.3,59.68
ORD-00098,2025-11-08,South,Home & Kitchen,Lamp,Retail,2,24.99,0.05,47.48,23.35,24.13
ORD-00099,2025-08-19,South,Home & Kitchen,Coffee Maker,Wholesale,1,59.99,0.1,53.99,28.49,25.5
ORD-00100,2025-05-03,East,Sports,Dumbbells,Wholesale,4,34.99,0.2,111.97,69.37,42.6
ORD-00101,2023-07-12,West,Sports,Dumbbells,Corporate,4,34.99,0.05,132.96,78.4,54.56
ORD-00102,2023-05-28,North,Electronics,Smartphone,Corporate,5,699.0,0.0,3495.0,2096.78,1398.22
ORD-00103,2023-07-06,North,Clothing,Sneakers,Wholesale,5,79.99,0.2,319.96,206.51,113.45
ORD-00104,2023-01-07,West,Sports,Dumbbells,Retail,4,34.99,0.0,139.96,69.72,70.24
ORD-00105,2022-11-26,East,Sports,Water Bottle,Corporate,3,12.99,0.2,31.18,23.06,8.12
ORD-00106,2022-03-17,West,Electronics,Headphones,Retail,4,149.0,0.05,566.2,345.52,220.68
ORD-00107,2025-09-08,West,Sports,Dumbbells,Corporate,2,34.99,0.1,62.98,39.43,23.55
ORD-00108,2024-06-24,North,Clothing,Jacket,Wholesale,5,89.99,0.1,404.95,265.09,139.86
ORD-00109,2025-12-01,West,Electronics,Laptop,Corporate,8,899.0,0.0,7192.0,3830.65,3361.35
ORD-00110,2024-04-15,North,Clothing,T-Shirt,Retail,4,19.99,0.0,79.96,43.75,36.21
ORD-00111,2024-10-17,East,Home & Kitchen,Vacuum,Corporate,4,129.99,0.05,493.96,252.99,240.97
ORD-00112,2022-10-24,West,Clothing,Dress,Wholesale,7,59.99,0.1,377.94,243.39,134.55
ORD-00113,2024-04-29,East,Home & Kitchen,Mixer,Corporate,3,39.99,0.2,95.98,59.36,36.62
ORD-00114,2025-04-02,West,Clothing,Sneakers,Corporate,6,79.99,0.0,479.94,255.71,224.23
ORD-00115,2024-02-12,West,Home & Kitchen,Coffee Maker,Wholesale,2,59.99,0.1,107.98,69.4,38.58
ORD-00116,2022-03-31,East,Sports,Water Bottle,Corporate,4,12.99,0.2,41.57,29.56,12.01
ORD-00117,2022-11-08,West,Electronics,Smartphone,Wholesale,6,699.0,0.1,3774.6,2437.25,1337.35
ORD-00118,2022-07-24,West,Electronics,Smartphone,Wholesale,8,699.0,0.1,5032.8,2910.21,2122.59
ORD-00119,2023-11-25,West,Electronics,Headphones,Wholesale,4,149.0,0.2,476.8,347.54,129.26
ORD-00120,2025-01-13,North,Electronics,Smartphone,Retail,4,699.0,0.2,2236.8,1296.11,940.69
ORD-00121,2025-07-21,North,Sports,Yoga Mat,Retail,3,24.99,0.0,74.97,34.25,40.72
ORD-00122,2023-08-24,East,Home & Kitchen,Vacuum,Corporate,2,129.99,0.0,259.98,137.7,122.28
ORD-00123,2025-10-28,South,Clothing,Jeans,Corporate,1,49.99,0.1,44.99,29.03,15.96
ORD-00124,2025-10-31,South,Sports,Resistance Band,Wholesale,2,15.99,0.1,28.78,16.6,12.18
ORD-00125,2024-07-30,East,Electronics,Monitor,Wholesale,3,279.0,0.1,753.3,385.92,367.38
ORD-00126,2025-04-18,East,Sports,Treadmill,Wholesale,4,499.0,0.1,1796.4,957.85,838.55
ORD-00127,2024-09-16,North,Clothing,Sneakers,Corporate,5,79.99,0.0,399.95,214.46,185.49
ORD-00128,2023-08-28,North,Sports,Treadmill,Corporate,1,499.0,0.1,449.1,289.3,159.8
ORD-00129,2022-04-11,West,Home & Kitchen,Coffee Maker,Corporate,7,59.99,0.0,419.93,229.07,190.86
ORD-00130,2023-05-29,South,Electronics,Laptop,Corporate,3,899.0,0.0,2697.0,1448.12,1248.88
ORD-00131,2022-09-27,North,Home & Kitchen,Toaster,Corporate,4,29.99,0.0,119.96,57.6,62.36
ORD-00132,2024-01-20,East,Clothing,Jacket,Wholesale,4,89.99,0.1,323.96,202.29,121.67
ORD-00133,2022-08-24,West,Electronics,Smartphone,Corporate,3,699.0,0.05,1992.15,1247.9,744.25
ORD-00134,2024-01-20,North,Sports,Dumbbells,Wholesale,3,34.99,0.1,94.47,49.18,45.29
ORD-00135,2025-10-09,East,Sports,Treadmill,Retail,1,499.0,0.2,399.2,242.05,157.15
ORD-00136,2025-06-22,East,Clothing,T-Shirt,Wholesale,4,19.99,0.2,63.97,39.61,24.36
ORD-00137,2022-08-27,South,Electronics,Laptop,Corporate,4,899.0,0.0,3596.0,1670.63,1925.37
ORD-00138,2022-10-05,West,Sports,Treadmill,Wholesale,5,499.0,0.2,1996.0,1394.68,601.32
ORD-00139,2025-09-03,North,Sports,Resistance Band,Wholesale,4,15.99,0.1,57.56,29.1,28.46
ORD-00140,2023-03-21,West,Sports,Yoga Mat,Corporate,2,24.99,0.2,39.98,25.24,14.74
ORD-00141,2024-01-05,North,Sports,Treadmill,Wholesale,2,499.0,0.1,898.2,591.17,307.03
ORD-00142,2022-07-07,South,Electronics,Laptop,Retail,2,899.0,0.0,1798.0,1021.35,776.65
ORD-00143,2022-05-21,South,Clothing,Jeans,Corporate,3,49.99,0.0,149.97,85.23,64.74
ORD-00144,2022-01-06,East,Clothing,Jeans,Retail,5,49.99,0.0,249.95,142.42,107.53
ORD-00145,2025-09-15,North,Clothing,T-Shirt,Retail,3,19.99,0.0,59.97,32.28,27.69
ORD-00146,2022-12-23,East,Electronics,Smartphone,Wholesale,4,699.0,0.2,2236.8,1284.86,951.94
ORD-00147,2024-01-12,North,Sports,Resistance Band,Corporate,2,15.99,0.1,28.78,14.6,14.18
ORD-00148,2024-12-03,East,Sports,Dumbbells,Wholesale,1,34.99,0.1,31.49,20.19,11.3
ORD-00149,2025-11-06,North,Sports,Water Bottle,Retail,1,12.99,0.0,12.99,6.47,6.52
ORD-00150,2022-05-15,South,Home & Kitchen,Lamp,Wholesale,5,24.99,0.1,112.45,69.58,42.87
ORD-00151,2025-05-08,East,Sports,Resistance Band,Corporate,5,15.99,0.05,75.95,37.17,38.78
ORD-00152,2022-08-23,South,Sports,Water Bottle,Wholesale,2,12.99,0.1,23.38,13.01,10.37
ORD-00153,2024-03-27,West,Electronics,Headphones,Wholesale,3,149.0,0.1,402.3,247.2,155.1
ORD-00154,2022-05-18,North,Electronics,Laptop,Retail,3,899.0,0.2,2157.6,1364.4,793.2
ORD-00155,2025-02-13,North,Home & Kitchen,Mixer,Wholesale,4,39.99,0.1,143.96,92.94,51.02
ORD-00156,2022-04-16,East,Home & Kitchen,Toaster,Retail,1,29.99,0.1,26.99,15.78,11.21
ORD-00157,2025-09-06,West,Clothing,T-Shirt,Wholesale,4,19.99,0.1,71.96,37.36,34.6
ORD-00158,2025-03-21,South,Sports,Resistance Band,Corporate,5,15.99,0.1,71.95,44.07,27.88
ORD-00159,2022-02-23,East,Electronics,Smartphone,Wholesale,3,699.0,0.1,1887.3,1233.52,653.78
ORD-00160,2022-01-13,South,Clothing,Dress,Corporate,4,59.99,0.0,239.96,113.09,126.87
ORD-00161,2022-03-04,North,Clothing,Sneakers,Wholesale,4,79.99,0.1,287.96,160.34,127.62
ORD-00162,2023-10-01,East,Electronics,Laptop,Retail,1,899.0,0.1,809.1,411.26,397.84
ORD-00163,2023-07-12,West,Sports,Water Bottle,Corporate,6,12.99,0.0,77.94,37.59,40.35
ORD-00164,2022-08-22,East,Sports,Dumbbells,Wholesale,3,34.99,0.2,83.98,57.92,26.06
ORD-00165,2024-12-15,East,Electronics,Smartphone,Wholesale,5,699.0,0.1,3145.5,1576.78,1568.72
ORD-00166,2023-03-09,South,Home & Kitchen,Toaster,Corporate,3,29.99,0.0,89.97,40.59,49.38
ORD-00167,2024-05-31,South,Clothing,Sneakers,Corporate,5,79.99,0.2,319.96,193.78,126.18
ORD-00168,2025-09-30,East,Electronics,Monitor,Wholesale,1,279.0,0.1,251.1,164.1,87.0
ORD-00169,2025-03-25,West,Sports,Water Bottle,Retail,2,12.99,0.0,25.98,15.46,10.52
ORD-00170,2025-06-19,West,Home & Kitchen,Mixer,Wholesale,5,39.99,0.1,179.96,103.04,76.92
ORD-00171,2024-12-09,North,Sports,Treadmill,Retail,3,499.0,0.0,1497.0,748.44,748.56
ORD-00172,2022-06-06,North,Clothing,Jacket,Corporate,3,89.99,0.2,215.98,160.29,55.69
ORD-00173,2022-10-30,South,Electronics,Smartphone,Corporate,2,699.0,0.1,1258.2,661.16,597.04
ORD-00174,2022-06-04,South,Sports,Water Bottle,Corporate,5,12.99,0.1,58.46,33.6,24.86
ORD-00175,2025-08-09,East,Home & Kitchen,Coffee Maker,Corporate,4,59.99,0.0,239.96,124.86,115.1
ORD-00176,2023-09-13,East,Electronics,Headphones,Retail,4,149.0,0.05,566.2,308.6,257.6
ORD-00177,2024-01-26,East,Electronics,Laptop,Corporate,5,899.0,0.05,4270.25,2334.73,1935.52
ORD-00178,2022-03-26,West,Clothing,Jacket,Wholesale,6,89.99,0.1,485.95,320.54,165.41
ORD-00179,2022-07-31,East,Electronics,Tablet,Wholesale,1,329.0,0.2,263.2,169.65,93.55
ORD-00180,2024-12-09,South,Home & Kitchen,Toaster,Wholesale,3,29.99,0.1,80.97,46.0,34.97
ORD-00181,2025-10-22,North,Home & Kitchen,Mixer,Wholesale,3,39.99,0.1,107.97,64.03,43.94
ORD-00182,2023-08-05,East,Clothing,Jacket,Wholesale,1,89.99,0.1,80.99,49.45,31.54
ORD-00183,2023-09-28,West,Clothing,Dress,Wholesale,1,59.99,0.1,53.99,32.79,21.2
ORD-00184,2022-09-19,North,Sports,Resistance Band,Retail,3,15.99,0.0,47.97,24.2,23.77
ORD-00185,2023-03-15,East,Sports,Yoga Mat,Wholesale,2,24.99,0.1,44.98,23.65,21.33
ORD-00186,2022-07-27,North,Home & Kitchen,Lamp,Retail,2,24.99,0.1,44.98,25.32,19.66
ORD-00187,2023-01-06,South,Sports,Dumbbells,Retail,4,34.99,0.0,139.96,77.18,62.78
ORD-00188,2024-06-28,East,Sports,Yoga Mat,Wholesale,5,24.99,0.1,112.45,62.03,50.42
ORD-00189,2023-02-02,East,Sports,Water Bottle,Wholesale,3,12.99,0.1,35.07,20.48,14.59
ORD-00190,2022-11-28,South,Clothing,Jacket,Wholesale,1,89.99,0.2,71.99,46.98,25.01
ORD-00191,2025-02-09,North,Electronics,Headphones,Corporate,1,149.0,0.0,149.0,77.09,71.91
ORD-00192,2022-10-29,West,Electronics,Smartphone,Corporate,8,699.0,0.05,5312.4,2561.07,2751.33
ORD-00193,2024-02-05,South,Sports,Dumbbells,Retail,3,34.99,0.0,104.97,47.68,57.29
ORD-00194,2025-08-24,East,Clothing,Jeans,Wholesale,1,49.99,0.1,44.99,29.37,15.62
ORD-00195,2025-11-26,South,Sports,Water Bottle,Retail,5,12.99,0.0,64.95,38.05,26.9
ORD-00196,2023-06-09,South,Clothing,Dress,Wholesale,5,59.99,0.1,269.95,154.02,115.93
ORD-00197,2023-05-02,East,Electronics,Laptop,Retail,2,899.0,0.1,1618.2,932.38,685.82
ORD-00198,2024-10-20,North,Clothing,Jeans,Wholesale,3,49.99,0.1,134.97,67.52,67.45
ORD-00199,2023-05-08,West,Clothing,T-Shirt,Corporate,7,19.99,0.0,139.93,82.98,56.95
ORD-00200,2024-11-05,North,Sports,Water Bottle,Wholesale,1,12.99,0.2,10.39,6.6,3.79
ORD-00201,2023-06-04,North,Home & Kitchen,Mixer,Corporate,3,39.99,0.0,119.97,67.18,52.79
ORD-00202,2022-08-01,East,Clothing,T-Shirt,Corporate,3,19.99,0.1,53.97,30.03,23.94
ORD-00203,2022-12-25,West,Sports,Yoga Mat,Retail,1,24.99,0.05,23.74,11.38,12.36
ORD-00204,2022-03-31,South,Electronics,Headphones,Retail,3,149.0,0.1,402.3,232.89,169.41
ORD-00205,2025-08-17,South,Home & Kitchen,Toaster,Retail,1,29.99,0.2,23.99,14.99,9.0
ORD-00206,2024-01-24,West,Sports,Water Bottle,Wholesale,4,12.99,0.1,46.76,27.25,19.51
ORD-00207,2024-01-23,East,Electronics,Monitor,Wholesale,1,279.0,0.1,251.1,148.38,102.72
ORD-00208,2022-07-30,North,Home & Kitchen,Toaster,Wholesale,3,29.99,0.1,80.97,48.62,32.35
ORD-00209,2022-12-08,West,Home & Kitchen,Vacuum,Wholesale,1,129.99,0.1,116.99,70.48,46.51
ORD-00210,2023-07-17,North,Electronics,Monitor,Retail,3,279.0,0.2,669.6,461.95,207.65
ORD-00211,2022-10-20,West,Electronics,Smartphone,Corporate,1,699.0,0.0,699.0,354.69,344.31
ORD-00212,2022-03-08,South,Sports,Treadmill,Corporate,3,499.0,0.05,1422.15,845.0,577.15
ORD-00213,2022-10-09,East,Sports,Treadmill,Retail,3,499.0,0.0,1497.0,889.33,607.67
ORD-00214,2023-01-17,West,Sports,Resistance Band,Retail,1,15.99,0.0,15.99,8.88,7.11
ORD-00215,2025-06-07,East,Sports,Yoga Mat,Wholesale,1,24.99,0.1,22.49,14.44,8.05
ORD-00216,2022-12-20,West,Electronics,Headphones,Retail,4,149.0,0.0,596.0,347.89,248.11
ORD-00217,2025-12-28,South,Home & Kitchen,Lamp,Retail,2,24.99,0.0,49.98,29.88,20.1
ORD-00218,2023-04-30,West,Electronics,Headphones,Retail,6,149.0,0.1,804.6,419.7,384.9
ORD-00219,2022-05-15,East,Sports,Water Bottle,Corporate,5,12.99,0.05,61.7,36.72,24.98
ORD-00220,2022-06-01,South,Home & Kitchen,Mixer,Wholesale,4,39.99,0.1,143.96,88.3,55.66
ORD-00221,2022-09-20,South,Clothing,Sneakers,Corporate,5,79.99,0.0,399.95,229.85,170.1
ORD-00222,2022-11-10,East,Clothing,Jeans,Corporate,3,49.99,0.2,119.98,72.56,47.42
ORD-00223,2023-08-05,North,Home & Kitchen,Coffee Maker,Wholesale,5,59.99,0.1,269.95,140.61,129.34
ORD-00224,2025-06-12,North,Clothing,Dress,Corporate,5,59.99,0.0,299.95,142.68,157.27
ORD-00225,2025-05-24,East,Electronics,Laptop,Wholesale,1,899.0,0.2,719.2,508.52,210.68
ORD-00226,2025-08-26,South,Sports,Resistance Band,Corporate,1,15.99,0.05,15.19,9.33,5.86
ORD-00227,2023-08-17,East,Sports,Yoga Mat,Corporate,4,24.99,0.0,99.96,51.78,48.18
ORD-00228,2022-05-03,South,Sports,Water Bottle,Corporate,4,12.99,0.05,49.36,24.97,24.39
ORD-00229,2022-10-22,East,Home & Kitchen,Toaster,Corporate,4,29.99,0.0,119.96,67.67,52.29
ORD-00230,2025-02-24,North,Home & Kitchen,Coffee Maker,Retail,4,59.99,0.0,239.96,117.61,122.35
ORD-00231,2022-10-16,North,Electronics,Headphones,Retail,5,149.0,0.05,707.75,362.99,344.76
ORD-00232,2023-11-02,East,Clothing,Jeans,Wholesale,4,49.99,0.1,179.96,103.98,75.98
ORD-00233,2024-10-15,North,Electronics,Monitor,Wholesale,5,279.0,0.1,1255.5,672.77,582.73
ORD-00234,2022-04-10,North,Home & Kitchen,Vacuum,Wholesale,5,129.99,0.2,519.96,358.04,161.92
ORD-00235,2025-01-04,North,Electronics,Monitor,Wholesale,2,279.0,0.2,446.4,281.72,164.68
ORD-00236,2024-01-20,North,Sports,Dumbbells,Corporate,5,34.99,0.1,157.46,83.84,73.62
ORD-00237,2023-08-15,North,Sports,Resistance Band,Corporate,4,15.99,0.1,57.56,31.47,26.09
ORD-00238,2025-10-25,North,Clothing,T-Shirt,Wholesale,4,19.99,0.1,71.96,45.52,26.44
ORD-00239,2025-02-16,East,Clothing,Jeans,Retail,5,49.99,0.1,224.96,127.53,97.43
ORD-00240,2022-04-03,North,Clothing,Jacket,Corporate,4,89.99,0.1,323.96,186.66,137.3
ORD-00241,2024-11-21,South,Home & Kitchen,Lamp,Corporate,3,24.99,0.0,74.97,38.16,36.81
ORD-00242,2023-09-05,East,Sports,Resistance Band,Wholesale,3,15.99,0.1,43.17,27.46,15.71
ORD-00243,2023-11-10,North,Sports,Resistance Band,Corporate,3,15.99,0.2,38.38,27.86,10.52
ORD-00244,2022-02-24,West,Home & Kitchen,Lamp,Retail,5,24.99,0.0,124.95,67.16,57.79
ORD-00245,2024-12-09,West,Clothing,Jeans,Retail,1,49.99,0.2,39.99,23.32,16.67
ORD-00246,2024-06-22,East,Sports,Yoga Mat,Corporate,4,24.99,0.2,79.97,48.04,31.93
ORD-00247,2025-06-06,West,Electronics,Smartphone,Wholesale,4,699.0,0.2,2236.8,1458.83,777.97
ORD-00248,2023-10-05,South,Sports,Resistance Band,Corporate,3,15.99,0.1,43.17,24.14,19.03
ORD-00249,2025-10-26,East,Sports,Yoga Mat,Retail,2,24.99,0.0,49.98,26.67,23.31
ORD-00250,2023-09-02,East,Clothing,Sneakers,Corporate,3,79.99,0.05,227.97,120.54,107.43
ORD-00251,2023-07-15,East,Electronics,Tablet,Retail,5,329.0,0.05,1562.75,942.18,620.57
ORD-00252,2023-08-18,North,Home & Kitchen,Mixer,Corporate,3,39.99,0.05,113.97,65.79,48.18
ORD-00253,2024-09-08,South,Clothing,Dress,Retail,3,59.99,0.1,161.97,99.78,62.19
ORD-00254,2022-08-12,South,Clothing,T-Shirt,Retail,5,19.99,0.0,99.95,54.54,45.41
ORD-00255,2022-07-25,West,Home & Kitchen,Vacuum,Corporate,1,129.99,0.0,129.99,58.6,71.39
ORD-00256,2022-11-20,West,Sports,Water Bottle,Corporate,2,12.99,0.0,25.98,12.94,13.04
ORD-00257,2022-05-02,North,Clothing,Dress,Retail,1,59.99,0.0,59.99,30.76,29.23
ORD-00258,2022-03-16,West,Sports,Yoga Mat,Corporate,4,24.99,0.0,99.96,49.46,50.5
ORD-00259,2022-08-08,East,Home & Kitchen,Vacuum,Retail,5,129.99,0.1,584.96,340.63,244.33
ORD-00260,2024-10-29,West,Home & Kitchen,Coffee Maker,Wholesale,1,59.99,0.2,47.99,31.13,16.86
ORD-00261,2023-01-17,North,Home & Kitchen,Toaster,Retail,5,29.99,0.2,119.96,84.51,35.45
ORD-00262,2025-06-05,West,Sports,Resistance Band,Retail,2,15.99,0.2,25.58,14.85,10.73
ORD-00263,2024-09-04,East,Clothing,T-Shirt,Wholesale,3,19.99,0.1,53.97,29.11,24.86
ORD-00264,2023-11-07,East,Electronics,Headphones,Wholesale,3,149.0,0.1,402.3,245.93,156.37
ORD-00265,2023-09-21,South,Sports,Resistance Band,Wholesale,3,15.99,0.2,38.38,22.43,15.95
ORD-00266,2024-01-23,South,Clothing,Jeans,Corporate,4,49.99,0.0,199.96,103.63,96.33
ORD-00267,2024-02-05,West,Sports,Resistance Band,Retail,2,15.99,0.2,25.58,18.01,7.57
ORD-00268,2024-12-12,West,Home & Kitchen,Mixer,Retail,4,39.99,0.1,143.96,93.65,50.31
ORD-00269,2025-03-18,South,Clothing,Jacket,Retail,5,89.99,0.05,427.45,210.32,217.13
ORD-00270,2025-04-09,West,Electronics,Tablet,Corporate,5,329.0,0.1,1480.5,842.76,637.74
ORD-00271,2022-04-29,West,Home & Kitchen,Mixer,Corporate,4,39.99,0.0,159.96,89.88,70.08
ORD-00272,2022-05-30,North,Sports,Treadmill,Retail,1,499.0,0.1,449.1,298.96,150.14
ORD-00273,2024-08-24,North,Home & Kitchen,Vacuum,Corporate,2,129.99,0.0,259.98,146.86,113.12
ORD-00274,2025-08-15,West,Home & Kitchen,Vacuum,Corporate,6,129.99,0.05,740.94,394.92,346.02
ORD-00275,2025-09-17,South,Home & Kitchen,Mixer,Retail,2,39.99,0.1,71.98,40.71,31.27
ORD-00276,2023-04-02,North,Electronics,Headphones,Wholesale,4,149.0,0.1,536.4,306.12,230.28
ORD-00277,2023-04-16,South,Sports,Treadmill,Corporate,2,499.0,0.0,998.0,477.32,520.68
ORD-00278,2022-08-20,North,Sports,Resistance Band,Retail,1,15.99,0.0,15.99,7.69,8.3
ORD-00279,2025-05-01,North,Sports,Resistance Band,Wholesale,1,15.99,0.1,14.39,8.97,5.42
ORD-00280,2024-06-17,South,Clothing,T-Shirt,Retail,2,19.99,0.1,35.98,23.95,12.03
ORD-00281,2025-03-25,East,Home & Kitchen,Coffee Maker,Corporate,3,59.99,0.0,179.97,107.6,72.37
ORD-00282,2023-03-29,West,Home & Kitchen,Toaster,Retail,1,29.99,0.1,26.99,17.45,9.54
ORD-00283,2025-07-06,West,Sports,Dumbbells,Corporate,4,34.99,0.2,111.97,70.98,40.99
ORD-00284,2023-10-15,West,Sports,Yoga Mat,Retail,3,24.99,0.1,67.47,39.06,28.41
ORD-00285,2023-09-08,South,Sports,Dumbbells,Corporate,5,34.99,0.05,166.2,104.12,62.08
ORD-00286,2024-12-21,South,Sports,Yoga Mat,Retail,3,24.99,0.0,74.97,37.45,37.52
ORD-00287,2024-07-10,East,Electronics,Tablet,Corporate,1,329.0,0.05,312.55,181.3,131.25
ORD-00288,2022-03-22,North,Clothing,Dress,Wholesale,5,59.99,0.1,269.95,156.55,113.4
ORD-00289,2023-09-13,North,Clothing,Jeans,Wholesale,1,49.99,0.2,39.99,29.99,10.0
ORD-00290,2023-05-12,South,Sports,Yoga Mat,Wholesale,5,24.99,0.1,112.45,70.76,41.69
ORD-00291,2024-08-12,East,Home & Kitchen,Toaster,Wholesale,3,29.99,0.1,80.97,52.4,28.57
ORD-00292,2022-07-21,West,Home & Kitchen,Coffee Maker,Retail,3,59.99,0.0,179.97,96.17,83.8
ORD-00293,2022-10-26,North,Home & Kitchen,Lamp,Wholesale,5,24.99,0.1,112.45,69.72,42.73
ORD-00294,2022-11-09,South,Home & Kitchen,Coffee Maker,Wholesale,4,59.99,0.1,215.96,137.98,77.98
ORD-00295,2025-02-01,East,Home & Kitchen,Vacuum,Wholesale,4,129.99,0.1,467.96,247.1,220.86
ORD-00296,2022-12-13,South,Sports,Yoga Mat,Corporate,5,24.99,0.2,99.96,74.17,25.79
ORD-00297,2022-03-11,North,Electronics,Laptop,Corporate,3,899.0,0.2,2157.6,1307.28,850.32
ORD-00298,2022-11-06,North,Clothing,Dress,Corporate,4,59.99,0.0,239.96,110.16,129.8
ORD-00299,2025-09-27,West,Sports,Dumbbells,Corporate,1,34.99,0.05,33.24,15.81,17.43
ORD-00300,2023-07-17,East,Electronics,Tablet,Retail,5,329.0,0.0,1645.0,766.66,878.34
ORD-00301,2024-12-09,South,Clothing,Jeans,Wholesale,5,49.99,0.1,224.96,121.94,103.02
ORD-00302,2023-07-02,West,Electronics,Headphones,Corporate,3,149.0,0.2,357.6,216.29,141.31
ORD-00303,2022-06-15,North,Electronics,Monitor,Retail,4,279.0,0.05,1060.2,511.59,548.61
ORD-00304,2025-12-10,South,Electronics,Monitor,Retail,4,279.0,0.0,1116.0,596.92,519.08
ORD-00305,2024-12-17,North,Clothing,Jeans,Retail,5,49.99,0.05,237.45,122.64,114.81
ORD-00306,2025-11-02,East,Electronics,Smartphone,Corporate,2,699.0,0.0,1398.0,752.2,645.8
ORD-00307,2024-03-26,North,Home & Kitchen,Coffee Maker,Wholesale,5,59.99,0.1,269.95,160.47,109.48
ORD-00308,2025-10-18,East,Sports,Yoga Mat,Wholesale,1,24.99,0.1,22.49,14.04,8.45
ORD-00309,2022-04-20,North,Sports,Yoga Mat,Corporate,1,24.99,0.0,24.99,13.51,11.48
ORD-00310,2025-05-04,West,Home & Kitchen,Mixer,Wholesale,4,39.99,0.1,143.96,83.75,60.21
ORD-00311,2025-02-06,West,Sports,Yoga Mat,Wholesale,6,24.99,0.1,134.95,84.84,50.11
ORD-00312,2023-05-20,North,Electronics,Headphones,Wholesale,2,149.0,0.2,238.4,141.0,97.4
ORD-00313,2023-10-11,East,Electronics,Laptop,Wholesale,1,899.0,0.1,809.1,453.08,356.02
ORD-00314,2022-07-29,South,Electronics,Smartphone,Retail,4,699.0,0.1,2516.4,1473.12,1043.28
ORD-00315,2022-02-23,North,Home & Kitchen,Lamp,Wholesale,1,24.99,0.1,22.49,13.49,9.0
ORD-00316,2024-02-28,North,Home & Kitchen,Vacuum,Corporate,4,129.99,0.0,519.96,290.52,229.44
ORD-00317,2023-05-13,South,Sports,Yoga Mat,Wholesale,2,24.99,0.1,44.98,24.75,20.23
ORD-00318,2022-10-26,North,Clothing,Sneakers,Retail,3,79.99,0.05,227.97,118.78,109.19
ORD-00319,2024-01-10,East,Clothing,Sneakers,Retail,5,79.99,0.1,359.95,191.71,168.24
ORD-00320,2022-10-05,East,Electronics,Monitor,Wholesale,3,279.0,0.1,753.3,477.6,275.7
ORD-00321,2024-06-20,East,Sports,Resistance Band,Corporate,2,15.99,0.0,31.98,15.93,16.05
ORD-00322,2023-02-16,West,Home & Kitchen,Coffee Maker,Corporate,6,59.99,0.0,359.94,201.65,158.29
ORD-00323,2024-10-02,South,Home & Kitchen,Vacuum,Corporate,3,129.99,0.05,370.47,196.84,173.63
ORD-00324,2023-02-14,South,Electronics,Monitor,Retail,2,279.0,0.0,558.0,320.68,237.32
ORD-00325,2024-04-17,West,Clothing,Jacket,Wholesale,2,89.99,0.1,161.98,100.3,61.68
ORD-00326,2022-06-01,West,Sports,Resistance Band,Retail,5,15.99,0.2,63.96,40.99,22.97
ORD-00327,2024-01-07,North,Electronics,Smartphone,Corporate,2,699.0,0.1,1258.2,638.39,619.81
ORD-00328,2025-10-19,West,Home & Kitchen,Vacuum,Corporate,1,129.99,0.0,129.99,62.82,67.17
ORD-00329,2024-11-28,South,Sports,Treadmill,Corporate,4,499.0,0.05,1896.2,1129.44,766.76
ORD-00330,2025-11-15,South,Home & Kitchen,Mixer,Retail,4,39.99,0.0,159.96,79.07,80.89
ORD-00331,2022-08-26,South,Home & Kitchen,Toaster,Corporate,3,29.99,0.05,85.47,51.07,34.4
ORD-00332,2024-09-16,East,Sports,Dumbbells,Wholesale,4,34.99,0.2,111.97,77.61,34.36
ORD-00333,2022-05-18,East,Electronics,Laptop,Retail,1,899.0,0.2,719.2,419.3,299.9
ORD-00334,2023-05-15,South,Clothing,Jacket,Retail,5,89.99,0.05,427.45,267.17,160.28
ORD-00335,2024-04-09,South,Clothing,Sneakers,Retail,4,79.99,0.0,319.96,179.37,140.59
ORD-00336,2024-07-09,West,Sports,Dumbbells,Retail,2,34.99,0.2,55.98,39.98,16.0
ORD-00337,2025-03-28,North,Clothing,Jacket,Wholesale,3,89.99,0.1,242.97,140.02,102.95
ORD-00338,2025-10-05,West,Home & Kitchen,Lamp,Wholesale,5,24.99,0.1,112.45,58.37,54.08
ORD-00339,2024-07-26,South,Home & Kitchen,Lamp,Wholesale,5,24.99,0.1,112.45,68.82,43.63
ORD-00340,2022-08-30,South,Home & Kitchen,Mixer,Corporate,2,39.99,0.0,79.98,44.31,35.67
ORD-00341,2024-03-06,West,Clothing,Dress,Corporate,4,59.99,0.05,227.96,130.86,97.1
ORD-00342,2025-08-14,South,Clothing,Sneakers,Wholesale,3,79.99,0.1,215.97,114.72,101.25
ORD-00343,2025-06-22,North,Home & Kitchen,Mixer,Wholesale,4,39.99,0.1,143.96,76.66,67.3
ORD-00344,2025-02-24,West,Sports,Water Bottle,Retail,5,12.99,0.05,61.7,33.99,27.71
ORD-00345,2025-03-03,North,Clothing,Jacket,Wholesale,1,89.99,0.1,80.99,43.53,37.46
ORD-00346,2022-12-11,West,Sports,Resistance Band,Corporate,4,15.99,0.0,63.96,31.35,32.61
ORD-00347,2024-01-22,North,Sports,Resistance Band,Corporate,2,15.99,0.05,30.38,14.88,15.5
ORD-00348,2023-05-22,East,Electronics,Monitor,Retail,3,279.0,0.0,837.0,431.78,405.22
ORD-00349,2023-05-01,South,Home & Kitchen,Lamp,Retail,4,24.99,0.0,99.96,54.22,45.74
ORD-00350,2023-02-28,North,Home & Kitchen,Lamp,Wholesale,3,24.99,0.1,67.47,39.8,27.67
ORD-00351,2025-12-12,East,Home & Kitchen,Lamp,Corporate,3,24.99,0.1,67.47,44.82,22.65
ORD-00352,2022-07-15,South,Sports,Dumbbells,Retail,3,34.99,0.2,83.98,49.23,34.75
ORD-00353,2023-05-27,South,Home & Kitchen,Coffee Maker,Corporate,4,59.99,0.05,227.96,113.1,114.86
ORD-00354,2023-07-05,West,Sports,Water Bottle,Corporate,1,12.99,0.0,12.99,6.63,6.36
ORD-00355,2023-07-24,East,Sports,Water Bottle,Corporate,3,12.99,0.1,35.07,17.55,17.52
ORD-00356,2022-07-10,West,Home & Kitchen,Mixer,Wholesale,5,39.99,0.1,179.96,114.72,65.24
ORD-00357,2023-07-04,East,Home & Kitchen,Toaster,Wholesale,5,29.99,0.1,134.95,70.41,64.54
ORD-00358,2023-12-05,North,Electronics,Laptop,Retail,3,899.0,0.0,2697.0,1392.17,1304.83
ORD-00359,2024-05-26,South,Clothing,Jacket,Wholesale,2,89.99,0.1,161.98,83.51,78.47
ORD-00360,2023-05-28,North,Home & Kitchen,Coffee Maker,Corporate,1,59.99,0.05,56.99,32.63,24.36
ORD-00361,2025-12-03,South,Sports,Dumbbells,Retail,1,34.99,0.0,34.99,16.87,18.12
ORD-00362,2022-09-29,South,Sports,Dumbbells,Retail,1,34.99,0.2,27.99,17.55,10.44
ORD-00363,2024-05-14,South,Sports,Dumbbells,Retail,2,34.99,0.05,66.48,32.43,34.05
ORD-00364,2022-07-31,East,Home & Kitchen,Toaster,Retail,2,29.99,0.05,56.98,33.95,23.03
ORD-00365,2025-08-06,South,Electronics,Tablet,Wholesale,4,329.0,0.2,1052.8,624.6,428.2
ORD-00366,2023-03-13,South,Sports,Resistance Band,Retail,4,15.99,0.0,63.96,29.61,34.35
ORD-00367,2022-10-14,North,Sports,Treadmill,Retail,4,499.0,0.0,1996.0,1135.05,860.95
ORD-00368,2023-07-22,North,Clothing,Dress,Wholesale,5,59.99,0.1,269.95,167.43,102.52
ORD-00369,2025-11-15,North,Home & Kitchen,Coffee Maker,Corporate,5,59.99,0.1,269.95,157.9,112.05
ORD-00370,2024-03-13,East,Electronics,Smartphone,Corporate,4,699.0,0.0,2796.0,1467.72,1328.28
ORD-00371,2022-05-26,North,Home & Kitchen,Toaster,Corporate,2,29.99,0.05,56.98,34.74,22.24
ORD-00372,2024-05-11,East,Clothing,Sneakers,Retail,1,79.99,0.0,79.99,43.04,36.95
ORD-00373,2023-06-21,South,Electronics,Laptop,Wholesale,4,899.0,0.2,2876.8,2002.59,874.21
ORD-00374,2024-05-17,West,Electronics,Tablet,Retail,5,329.0,0.0,1645.0,759.75,885.25
ORD-00375,2022-11-15,East,Sports,Resistance Band,Corporate,1,15.99,0.0,15.99,8.87,7.12
ORD-00376,2023-05-04,North,Clothing,T-Shirt,Corporate,4,19.99,0.0,79.96,41.42,38.54
ORD-00377,2022-04-23,East,Clothing,T-Shirt,Retail,1,19.99,0.2,15.99,9.41,6.58
ORD-00378,2022-12-02,West,Home & Kitchen,Lamp,Wholesale,7,24.99,0.2,139.94,85.52,54.42
ORD-00379,2022-09-17,East,Electronics,Laptop,Wholesale,3,899.0,0.1,2427.3,1425.58,1001.72
ORD-00380,2025-12-29,North,Sports,Water Bottle,Corporate,5,12.99,0.0,64.95,29.77,35.18
ORD-00381,2022-12-08,East,Clothing,Jacket,Retail,1,89.99,0.1,80.99,49.6,31.39
ORD-00382,2023-04-13,North,Electronics,Laptop,Retail,1,899.0,0.0,899.0,456.19,442.81
ORD-00383,2023-01-02,North,Sports,Yoga Mat,Corporate,3,24.99,0.0,74.97,38.42,36.55
ORD-00384,2023-10-18,East,Electronics,Tablet,Retail,2,329.0,0.2,526.4,385.12,141.28
ORD-00385,2023-04-03,North,Sports,Dumbbells,Wholesale,4,34.99,0.1,125.96,79.22,46.74
ORD-00386,2023-11-02,North,Sports,Dumbbells,Wholesale,3,34.99,0.1,94.47,51.83,42.64
ORD-00387,2025-06-29,South,Sports,Treadmill,Retail,5,499.0,0.05,2370.25,1496.17,874.08
ORD-00388,2025-01-24,South,Clothing,T-Shirt,Wholesale,4,19.99,0.1,71.96,38.78,33.18
ORD-00389,2025-07-26,North,Home & Kitchen,Mixer,Retail,4,39.99,0.2,127.97,89.43,38.54
ORD-00390,2023-02-25,South,Sports,Water Bottle,Retail,1,12.99,0.0,12.99,7.23,5.76
ORD-00391,2022-03-31,South,Sports,Treadmill,Retail,4,499.0,0.2,1596.8,923.62,673.18
ORD-00392,2024-11-01,South,Sports,Dumbbells,Corporate,5,34.99,0.1,157.46,80.36,77.1
ORD-00393,2022-09-25,South,Home & Kitchen,Toaster,Corporate,3,29.99,0.05,85.47,49.94,35.53
ORD-00394,2023-10-31,East,Sports,Treadmill,Retail,2,499.0,0.0,998.0,590.35,407.65
ORD-00395,2025-04-12,North,Clothing,T-Shirt,Wholesale,2,19.99,0.1,35.98,20.79,15.19
ORD-00396,2022-09-05,East,Clothing,Sneakers,Retail,3,79.99,0.05,227.97,117.53,110.44
ORD-00397,2022-07-05,South,Home & Kitchen,Lamp,Wholesale,1,24.99,0.1,22.49,14.38,8.11
ORD-00398,2022-10-31,North,Clothing,Jacket,Wholesale,4,89.99,0.1,323.96,164.63,159.33
ORD-00399,2023-06-17,South,Electronics,Monitor,Wholesale,4,279.0,0.1,1004.4,544.03,460.37
ORD-00400,2022-07-28,South,Electronics,Laptop,Wholesale,1,899.0,0.1,809.1,422.18,386.92
ORD-00401,2024-02-02,North,Home & Kitchen,Mixer,Corporate,1,39.99,0.0,39.99,19.18,20.81
ORD-00402,2024-06-27,South,Electronics,Headphones,Corporate,1,149.0,0.05,141.55,68.18,73.37
ORD-00403,2024-06-06,West,Sports,Dumbbells,Retail,5,34.99,0.0,174.95,88.02,86.93
ORD-00404,2023-07-18,East,Sports,Yoga Mat,Retail,1,24.99,0.1,22.49,13.57,8.92
ORD-00405,2025-08-18,East,Sports,Water Bottle,Wholesale,5,12.99,0.1,58.46,29.82,28.64
ORD-00406,2024-02-24,South,Sports,Yoga Mat,Corporate,5,24.99,0.0,124.95,68.05,56.9
ORD-00407,2022-02-09,West,Home & Kitchen,Vacuum,Corporate,7,129.99,0.0,909.93,534.04,375.89
ORD-00408,2023-10-21,West,Home & Kitchen,Coffee Maker,Wholesale,1,59.99,0.1,53.99,27.26,26.73
ORD-00409,2022-04-30,West,Home & Kitchen,Lamp,Retail,3,24.99,0.0,74.97,36.52,38.45
ORD-00410,2023-06-30,North,Clothing,Dress,Retail,4,59.99,0.0,239.96,141.64,98.32
ORD-00411,2022-12-27,South,Home & Kitchen,Toaster,Wholesale,5,29.99,0.1,134.95,83.3,51.65
ORD-00412,2025-03-08,South,Clothing,Sneakers,Retail,5,79.99,0.0,399.95,190.51,209.44
ORD-00413,2022-07-04,North,Clothing,Dress,Retail,2,59.99,0.0,119.98,63.47,56.51
ORD-00414,2023-11-11,South,Clothing,Jacket,Retail,2,89.99,0.0,179.98,82.6,97.38
ORD-00415,2025-04-16,South,Electronics,Tablet,Corporate,4,329.0,0.0,1316.0,731.28,584.72
ORD-00416,2024-03-21,North,Home & Kitchen,Toaster,Corporate,3,29.99,0.0,89.97,53.66,36.31
ORD-00417,2024-06-13,West,Home & Kitchen,Coffee Maker,Retail,6,59.99,0.1,323.95,204.46,119.49
ORD-00418,2025-09-25,South,Sports,Treadmill,Retail,3,499.0,0.0,1497.0,713.55,783.45
ORD-00419,2025-12-08,West,Electronics,Smartphone,Corporate,6,699.0,0.1,3774.6,2026.27,1748.33
ORD-00420,2022-08-02,West,Clothing,Jacket,Retail,1,89.99,0.0,89.99,42.76,47.23
ORD-00421,2025-12-22,East,Sports,Dumbbells,Retail,3,34.99,0.0,104.97,51.17,53.8
ORD-00422,2023-12-19,East,Electronics,Laptop,Retail,1,899.0,0.2,719.2,461.14,258.06
ORD-00423,2024-04-27,West,Sports,Treadmill,Corporate,5,499.0,0.05,2370.25,1417.93,952.32
ORD-00424,2025-08-26,South,Clothing,Sneakers,Wholesale,1,79.99,0.1,71.99,39.53,32.46
ORD-00425,2023-06-19,North,Electronics,Headphones,Corporate,2,149.0,0.0,298.0,166.82,131.18
ORD-00426,2022-07-10,East,Sports,Dumbbells,Wholesale,4,34.99,0.2,111.97,66.45,45.52
ORD-00427,2022-11-18,North,Electronics,Headphones,Corporate,2,149.0,0.05,283.1,165.26,117.84
ORD-00428,2025-01-11,East,Home & Kitchen,Toaster,Corporate,2,29.99,0.0,59.98,27.44,32.54
ORD-00429,2025-01-30,West,Clothing,T-Shirt,Corporate,2,19.99,0.0,39.98,19.76,20.22
ORD-00430,2025-07-04,West,Clothing,T-Shirt,Retail,1,19.99,0.2,15.99,9.87,6.12
ORD-00431,2024-08-27,North,Home & Kitchen,Vacuum,Wholesale,4,129.99,0.1,467.96,303.78,164.18
ORD-00432,2022-07-06,West,Clothing,Jacket,Wholesale,4,89.99,0.1,323.96,164.39,159.57
ORD-00433,2024-08-10,East,Clothing,Jacket,Corporate,5,89.99,0.0,449.95,212.68,237.27
ORD-00434,2025-09-28,North,Electronics,Headphones,Retail,5,149.0,0.1,670.5,360.67,309.83
ORD-00435,2024-03-03,West,Sports,Resistance Band,Corporate,2,15.99,0.0,31.98,16.28,15.7
ORD-00436,2022-03-13,South,Electronics,Monitor,Retail,2,279.0,0.0,558.0,332.47,225.53
ORD-00437,2022-09-16,North,Sports,Dumbbells,Corporate,4,34.99,0.0,139.96,83.92,56.04
ORD-00438,2022-10-30,East,Home & Kitchen,Mixer,Corporate,1,39.99,0.05,37.99,21.33,16.66
ORD-00439,2023-10-30,East,Sports,Dumbbells,Wholesale,5,34.99,0.1,157.46,92.44,65.02
ORD-00440,2022-08-19,West,Clothing,Jeans,Corporate,6,49.99,0.0,299.94,176.59,123.35
ORD-00441,2022-07-26,East,Home & Kitchen,Vacuum,Corporate,3,129.99,0.05,370.47,213.79,156.68
ORD-00442,2025-06-01,West,Electronics,Smartphone,Retail,3,699.0,0.2,1677.6,1161.84,515.76
ORD-00443,2024-03-21,East,Clothing,T-Shirt,Retail,4,19.99,0.0,79.96,46.74,33.22
ORD-00444,2023-11-23,East,Home & Kitchen,Toaster,Retail,4,29.99,0.2,95.97,66.31,29.66
ORD-00445,2022-10-03,East,Sports,Treadmill,Corporate,3,499.0,0.2,1197.6,767.24,430.36
ORD-00446,2022-07-02,South,Sports,Yoga Mat,Corporate,4,24.99,0.2,79.97,52.25,27.72
ORD-00447,2024-02-05,North,Clothing,T-Shirt,Retail,3,19.99,0.2,47.98,31.55,16.43
ORD-00448,2024-12-09,North,Clothing,Jeans,Wholesale,2,49.99,0.1,89.98,48.73,41.25
ORD-00449,2022-04-14,East,Clothing,Jacket,Corporate,3,89.99,0.05,256.47,141.94,114.53
ORD-00450,2022-09-11,North,Clothing,Jacket,Wholesale,4,89.99,0.1,323.96,186.07,137.89
ORD-00451,2025-04-16,East,Home & Kitchen,Coffee Maker,Retail,3,59.99,0.2,143.98,103.42,40.56
ORD-00452,2023-08-07,North,Sports,Dumbbells,Retail,2,34.99,0.1,62.98,39.68,23.3
ORD-00453,2023-03-30,South,Clothing,Jacket,Corporate,4,89.99,0.1,323.96,163.06,160.9
ORD-00454,2022-01-19,West,Clothing,Jeans,Wholesale,7,49.99,0.1,314.94,170.72,144.22
ORD-00455,2025-12-30,East,Sports,Water Bottle,Wholesale,3,12.99,0.1,35.07,19.01,16.06
ORD-00456,2023-09-11,West,Electronics,Laptop,Corporate,9,899.0,0.0,8091.0,4322.36,3768.64
ORD-00457,2025-06-01,East,Home & Kitchen,Mixer,Wholesale,4,39.99,0.1,143.96,80.05,63.91
ORD-00458,2025-08-04,East,Home & Kitchen,Toaster,Retail,3,29.99,0.0,89.97,42.51,47.46
ORD-00459,2022-04-27,West,Home & Kitchen,Coffee Maker,Wholesale,1,59.99,0.1,53.99,29.33,24.66
ORD-00460,2024-04-08,West,Electronics,Tablet,Corporate,7,329.0,0.2,1842.4,1113.17,729.23
ORD-00461,2025-07-31,West,Home & Kitchen,Lamp,Retail,4,24.99,0.2,79.97,58.12,21.85
ORD-00462,2023-08-25,North,Sports,Yoga Mat,Retail,3,24.99,0.2,59.98,42.83,17.15
ORD-00463,2025-10-24,East,Electronics,Smartphone,Wholesale,2,699.0,0.1,1258.2,717.27,540.93
ORD-00464,2024-02-01,East,Home & Kitchen,Vacuum,Corporate,1,129.99,0.05,123.49,59.54,63.95
ORD-00465,2025-04-10,North,Sports,Yoga Mat,Wholesale,5,24.99,0.1,112.45,72.49,39.96
ORD-00466,2024-12-21,East,Sports,Dumbbells,Wholesale,2,34.99,0.1,62.98,41.91,21.07
ORD-00467,2024-04-18,West,Clothing,Jacket,Retail,2,89.99,0.05,170.98,89.97,81.01
ORD-00468,2023-10-04,North,Electronics,Monitor,Retail,2,279.0,0.0,558.0,299.33,258.67
ORD-00469,2024-09-29,North,Clothing,Dress,Wholesale,4,59.99,0.2,191.97,123.44,68.53
ORD-00470,2024-09-04,West,Electronics,Laptop,Corporate,5,899.0,0.0,4495.0,2624.19,1870.81
ORD-00471,2023-01-26,North,Electronics,Smartphone,Retail,2,699.0,0.0,1398.0,694.55,703.45
ORD-00472,2024-02-25,East,Clothing,T-Shirt,Wholesale,1,19.99,0.1,17.99,11.84,6.15
ORD-00473,2024-12-01,East,Sports,Yoga Mat,Retail,3,24.99,0.05,71.22,37.78,33.44
ORD-00474,2022-12-04,West,Electronics,Smartphone,Corporate,1,699.0,0.2,559.2,316.85,242.35
ORD-00475,2022-12-13,North,Home & Kitchen,Mixer,Corporate,4,39.99,0.2,127.97,78.12,49.85
ORD-00476,2025-06-30,North,Electronics,Laptop,Wholesale,1,899.0,0.1,809.1,460.75,348.35
ORD-00477,2022-09-11,East,Sports,Yoga Mat,Retail,2,24.99,0.2,39.98,27.63,12.35
ORD-00478,2023-09-09,West,Electronics,Tablet,Retail,4,329.0,0.05,1250.2,756.17,494.03
ORD-00479,2024-11-13,North,Home & Kitchen,Mixer,Retail,1,39.99,0.05,37.99,19.19,18.8
ORD-00480,2023-06-23,South,Home & Kitchen,Vacuum,Wholesale,3,129.99,0.1,350.97,177.79,173.18
ORD-00481,2023-03-02,West,Home & Kitchen,Coffee Maker,Corporate,1,59.99,0.0,59.99,35.16,24.83
ORD-00482,2025-10-02,West,Clothing,T-Shirt,Wholesale,4,19.99,0.2,63.97,37.2,26.77
ORD-00483,2025-08-12,South,Sports,Treadmill,Retail,3,499.0,0.05,1422.15,684.9,737.25
ORD-00484,2022-03-22,East,Home & Kitchen,Toaster,Retail,4,29.99,0.2,95.97,56.07,39.9
ORD-00485,2022-01-20,South,Clothing,Jacket,Wholesale,3,89.99,0.1,242.97,160.16,82.81
ORD-00486,2022-07-10,East,Home & Kitchen,Coffee Maker,Wholesale,1,59.99,0.1,53.99,30.6,23.39
ORD-00487,2023-07-11,West,Sports,Water Bottle,Retail,1,12.99,0.2,10.39,7.26,3.13
ORD-00488,2022-08-01,West,Sports,Resistance Band,Corporate,4,15.99,0.05,60.76,36.26,24.5
ORD-00489,2022-03-01,South,Sports,Water Bottle,Retail,1,12.99,0.05,12.34,6.7,5.64
ORD-00490,2023-06-20,East,Electronics,Tablet,Corporate,6,329.0,0.0,1974.0,1177.85,796.15
ORD-00491,2023-11-24,North,Sports,Yoga Mat,Corporate,4,24.99,0.0,99.96,54.93,45.03
ORD-00492,2024-02-28,South,Electronics,Laptop,Retail,2,899.0,0.05,1708.1,1038.85,669.25
ORD-00493,2022-06-03,West,Home & Kitchen,Coffee Maker,Corporate,4,59.99,0.0,239.96,126.23,113.73
ORD-00494,2025-08-10,West,Sports,Yoga Mat,Wholesale,1,24.99,0.1,22.49,12.93,9.56
ORD-00495,2024-07-04,East,Electronics,Monitor,Corporate,1,279.0,0.05,265.05,127.05,138.0
ORD-00496,2022-01-01,North,Home & Kitchen,Lamp,Wholesale,5,24.99,0.1,112.45,68.5,43.95
ORD-00497,2023-11-30,East,Electronics,Smartphone,Corporate,3,699.0,0.1,1887.3,1132.36,754.94
ORD-00498,2025-09-07,East,Sports,Dumbbells,Wholesale,1,34.99,0.2,27.99,16.91,11.08
ORD-00499,2023-12-29,East,Home & Kitchen,Mixer,Corporate,1,39.99,0.0,39.99,20.95,19.04
ORD-00500,2024-04-18,North,Home & Kitchen,Lamp,Wholesale,2,24.99,0.1,44.98,23.4,21.58
ORD-00501,2023-03-18,West,Clothing,Jacket,Corporate,1,89.99,0.0,89.99,53.0,36.99
ORD-00502,2025-04-20,North,Sports,Water Bottle,Wholesale,5,12.99,0.1,58.46,30.54,27.92
ORD-00503,2022-01-09,North,Sports,Resistance Band,Retail,4,15.99,0.1,57.56,36.28,21.28
ORD-00504,2025-11-17,South,Clothing,T-Shirt,Wholesale,4,19.99,0.2,63.97,43.18,20.79
ORD-00505,2024-10-29,West,Sports,Resistance Band,Wholesale,2,15.99,0.1,28.78,19.05,9.73
ORD-00506,2022-10-01,South,Sports,Resistance Band,Corporate,5,15.99,0.0,79.95,46.09,33.86
ORD-00507,2023-10-05,South,Clothing,Jeans,Wholesale,5,49.99,0.2,199.96,123.37,76.59
ORD-00508,2025-10-09,South,Clothing,Dress,Corporate,5,59.99,0.2,239.96,163.63,76.33
ORD-00509,2022-08-25,East,Sports,Resistance Band,Corporate,5,15.99,0.2,63.96,44.49,19.47
ORD-00510,2024-12-29,East,Sports,Dumbbells,Retail,5,34.99,0.0,174.95,79.39,95.56
ORD-00511,2022-04-19,North,Clothing,Jacket,Retail,2,89.99,0.0,179.98,99.44,80.54
ORD-00512,2022-05-08,East,Clothing,Dress,Retail,1,59.99,0.0,59.99,34.32,25.67
ORD-00513,2025-06-15,South,Sports,Yoga Mat,Corporate,5,24.99,0.2,99.96,61.62,38.34
ORD-00514,2022-04-07,West,Sports,Water Bottle,Wholesale,4,12.99,0.1,46.76,23.48,23.28
ORD-00515,2023-02-20,West,Clothing,Jacket,Corporate,6,89.99,0.1,485.95,258.89,227.06
ORD-00516,2023-02-01,East,Sports,Yoga Mat,Corporate,1,24.99,0.0,24.99,14.85,10.14
ORD-00517,2024-11-18,North,Sports,Dumbbells,Retail,4,34.99,0.0,139.96,74.67,65.29
ORD-00518,2022-11-26,East,Electronics,Headphones,Wholesale,4,149.0,0.1,536.4,271.77,264.63
ORD-00519,2025-05-07,North,Home & Kitchen,Vacuum,Corporate,5,129.99,0.1,584.96,327.39,257.57
ORD-00520,2023-10-13,South,Clothing,Dress,Corporate,1,59.99,0.1,53.99,28.43,25.56
ORD-00521,2025-01-04,West,Electronics,Headphones,Retail,3,149.0,0.0,447.0,225.34,221.66
ORD-00522,2025-06-20,West,Electronics,Laptop,Retail,4,899.0,0.1,3236.4,2113.7,1122.7
ORD-00523,2022-03-23,East,Sports,Dumbbells,Wholesale,4,34.99,0.1,125.96,74.32,51.64
ORD-00524,2022-02-20,East,Sports,Water Bottle,Retail,1,12.99,0.0,12.99,7.6,5.39
ORD-00525,2023-10-19,North,Electronics,Smartphone,Corporate,5,699.0,0.2,2796.0,1607.07,1188.93
ORD-00526,2025-07-13,South,Sports,Dumbbells,Corporate,2,34.99,0.1,62.98,40.19,22.79
ORD-00527,2024-06-10,North,Clothing,T-Shirt,Retail,4,19.99,0.2,63.97,39.96,24.01
ORD-00528,2022-05-31,North,Clothing,Jacket,Retail,5,89.99,0.0,449.95,241.28,208.67
ORD-00529,2023-06-14,West,Sports,Water Bottle,Retail,4,12.99,0.0,51.96,26.42,25.54
ORD-00530,2024-12-31,North,Electronics,Tablet,Corporate,1,329.0,0.0,329.0,165.7,163.3
ORD-00531,2022-08-06,East,Home & Kitchen,Lamp,Wholesale,1,24.99,0.1,22.49,14.11,8.38
ORD-00532,2024-02-21,West,Electronics,Monitor,Corporate,1,279.0,0.05,265.05,158.89,106.16
ORD-00533,2023-08-28,South,Home & Kitchen,Toaster,Retail,1,29.99,0.1,26.99,17.43,9.56
ORD-00534,2022-09-10,North,Electronics,Tablet,Wholesale,5,329.0,0.1,1480.5,973.92,506.58
ORD-00535,2023-03-07,East,Clothing,Sneakers,Retail,5,79.99,0.0,399.95,189.63,210.32
ORD-00536,2025-06-17,East,Clothing,T-Shirt,Retail,2,19.99,0.2,31.98,22.79,9.19
ORD-00537,2025-01-29,West,Electronics,Headphones,Wholesale,1,149.0,0.1,134.1,77.94,56.16
ORD-00538,2024-01-02,South,Clothing,T-Shirt,Retail,3,19.99,0.1,53.97,27.61,26.36
ORD-00539,2023-10-13,West,Sports,Treadmill,Corporate,6,499.0,0.2,2395.2,1609.65,785.55
ORD-00540,2025-03-06,East,Home & Kitchen,Vacuum,Retail,2,129.99,0.0,259.98,129.21,130.77
ORD-00541,2025-12-29,West,Home & Kitchen,Toaster,Wholesale,2,29.99,0.1,53.98,34.89,19.09
ORD-00542,2024-07-01,East,Home & Kitchen,Vacuum,Corporate,5,129.99,0.0,649.95,309.61,340.34
ORD-00543,2022-06-17,East,Clothing,Dress,Corporate,2,59.99,0.0,119.98,67.19,52.79
ORD-00544,2022-06-06,North,Electronics,Tablet,Corporate,1,329.0,0.1,296.1,168.04,128.06
ORD-00545,2023-03-12,North,Home & Kitchen,Lamp,Retail,5,24.99,0.05,118.7,68.48,50.22
ORD-00546,2024-01-20,West,Clothing,Dress,Wholesale,2,59.99,0.1,107.98,63.18,44.8
ORD-00547,2024-01-16,North,Clothing,Dress,Retail,2,59.99,0.1,107.98,56.52,51.46
ORD-00548,2023-01-02,South,Sports,Treadmill,Retail,1,499.0,0.0,499.0,281.55,217.45
ORD-00549,2022-05-09,East,Home & Kitchen,Coffee Maker,Wholesale,1,59.99,0.2,47.99,28.86,19.13
ORD-00550,2024-03-05,West,Sports,Dumbbells,Corporate,1,34.99,0.0,34.99,16.29,18.7
ORD-00551,2025-07-21,East,Home & Kitchen,Lamp,Corporate,5,24.99,0.1,112.45,59.49,52.96
ORD-00552,2024-02-15,East,Electronics,Tablet,Wholesale,3,329.0,0.1,888.3,520.6,367.7
ORD-00553,2023-12-08,West,Sports,Resistance Band,Retail,1,15.99,0.0,15.99,8.25,7.74
ORD-00554,2022-06-07,East,Clothing,Jeans,Corporate,2,49.99,0.0,99.98,50.42,49.56
ORD-00555,2022-08-31,South,Sports,Treadmill,Wholesale,1,499.0,0.1,449.1,275.09,174.01
ORD-00556,2023-03-08,South,Sports,Dumbbells,Corporate,2,34.99,0.0,69.98,32.83,37.15
ORD-00557,2022-11-26,South,Electronics,Tablet,Corporate,1,329.0,0.0,329.0,193.57,135.43
ORD-00558,2024-04-10,North,Home & Kitchen,Mixer,Wholesale,2,39.99,0.1,71.98,43.27,28.71
ORD-00559,2024-09-13,South,Clothing,Sneakers,Retail,5,79.99,0.0,399.95,227.65,172.3
ORD-00560,2025-06-30,East,Clothing,Jacket,Retail,4,89.99,0.1,323.96,193.87,130.09
ORD-00561,2024-02-14,West,Clothing,T-Shirt,Retail,1,19.99,0.1,17.99,11.05,6.94
ORD-00562,2025-05-25,North,Clothing,Sneakers,Corporate,5,79.99,0.1,359.95,182.32,177.63
ORD-00563,2024-10-27,North,Electronics,Monitor,Corporate,2,279.0,0.1,502.2,320.36,181.84
ORD-00564,2025-08-22,West,Sports,Treadmill,Wholesale,1,499.0,0.1,449.1,241.73,207.37
ORD-00565,2024-02-20,East,Electronics,Monitor,Retail,1,279.0,0.0,279.0,163.64,115.36
ORD-00566,2023-08-04,West,Home & Kitchen,Coffee Maker,Retail,1,59.99,0.0,59.99,32.2,27.79
ORD-00567,2024-11-30,North,Sports,Yoga Mat,Retail,3,24.99,0.05,71.22,37.81,33.41
ORD-00568,2024-05-22,East,Home & Kitchen,Lamp,Wholesale,4,24.99,0.1,89.96,50.46,39.5
ORD-00569,2025-10-25,West,Clothing,Sneakers,Corporate,7,79.99,0.05,531.93,266.98,264.95
ORD-00570,2025-02-10,West,Home & Kitchen,Toaster,Retail,5,29.99,0.2,119.96,76.43,43.53
ORD-00571,2025-09-12,North,Clothing,Sneakers,Wholesale,2,79.99,0.1,143.98,77.14,66.84
ORD-00572,2023-11-25,North,Clothing,Sneakers,Wholesale,1,79.99,0.1,71.99,45.87,26.12
ORD-00573,2025-05-14,West,Electronics,Laptop,Wholesale,2,899.0,0.1,1618.2,1004.5,613.7
ORD-00574,2025-06-11,East,Electronics,Smartphone,Corporate,4,699.0,0.0,2796.0,1614.93,1181.07
ORD-00575,2023-08-09,South,Electronics,Tablet,Corporate,5,329.0,0.0,1645.0,892.05,752.95
ORD-00576,2022-03-15,East,Clothing,T-Shirt,Wholesale,2,19.99,0.1,35.98,23.97,12.01
ORD-00577,2023-12-25,West,Sports,Resistance Band,Retail,2,15.99,0.2,25.58,17.77,7.81
ORD-00578,2025-01-30,East,Home & Kitchen,Toaster,Retail,3,29.99,0.0,89.97,48.67,41.3
ORD-00579,2024-07-20,West,Electronics,Headphones,Wholesale,1,149.0,0.1,134.1,78.3,55.8
ORD-00580,2022-08-28,East,Home & Kitchen,Vacuum,Retail,4,129.99,0.1,467.96,271.7,196.26
ORD-00581,2023-11-27,West,Sports,Resistance Band,Corporate,1,15.99,0.0,15.99,7.36,8.63
ORD-00582,2023-03-28,South,Home & Kitchen,Vacuum,Corporate,3,129.99,0.1,350.97,206.82,144.15
ORD-00583,2023-06-24,South,Home & Kitchen,Mixer,Wholesale,4,39.99,0.2,127.97,89.95,38.02
ORD-00584,2022-06-05,South,Sports,Treadmill,Wholesale,3,499.0,0.1,1347.3,874.47,472.83
ORD-00585,2023-01-10,South,Sports,Yoga Mat,Wholesale,2,24.99,0.2,39.98,24.31,15.67
ORD-00586,2023-02-28,South,Clothing,Jeans,Retail,5,49.99,0.0,249.95,118.33,131.62
ORD-00587,2022-09-03,North,Sports,Resistance Band,Wholesale,1,15.99,0.1,14.39,9.49,4.9
ORD-00588,2024-01-31,East,Sports,Resistance Band,Corporate,3,15.99,0.05,45.57,22.9,22.67
ORD-00589,2023-07-28,West,Clothing,Dress,Corporate,1,59.99,0.05,56.99,31.3,25.69
ORD-00590,2022-03-08,East,Sports,Yoga Mat,Wholesale,4,24.99,0.1,89.96,55.45,34.51
ORD-00591,2023-10-09,North,Electronics,Smartphone,Wholesale,4,699.0,0.1,2516.4,1409.86,1106.54
ORD-00592,2023-01-19,East,Clothing,Jacket,Retail,4,89.99,0.1,323.96,180.51,143.45
ORD-00593,2024-10-18,West,Clothing,Sneakers,Retail,3,79.99,0.05,227.97,118.05,109.92
ORD-00594,2025-03-16,South,Clothing,T-Shirt,Wholesale,3,19.99,0.1,53.97,31.98,21.99
ORD-00595,2023-02-06,South,Clothing,Sneakers,Retail,1,79.99,0.0,79.99,41.05,38.94
ORD-00596,2025-07-15,East,Sports,Treadmill,Retail,3,499.0,0.1,1347.3,866.43,480.87
ORD-00597,2024-03-26,North,Clothing,T-Shirt,Corporate,2,19.99,0.0,39.98,20.85,19.13
ORD-00598,2022-07-17,West,Home & Kitchen,Toaster,Wholesale,3,29.99,0.1,80.97,53.06,27.91
ORD-00599,2023-12-06,North,Sports,Dumbbells,Retail,3,34.99,0.2,83.98,62.4,21.58
ORD-00600,2025-03-27,South,Home & Kitchen,Toaster,Corporate,3,29.99,0.2,71.98,47.38,24.6
ORD-00601,2024-07-04,North,Sports,Resistance Band,Retail,3,15.99,0.05,45.57,26.13,19.44
ORD-00602,2022-12-10,East,Sports,Resistance Band,Retail,5,15.99,0.05,75.95,46.16,29.79
ORD-00603,2022-06-12,South,Home & Kitchen,Coffee Maker,Corporate,3,59.99,0.0,179.97,98.61,81.36
ORD-00604,2023-07-02,West,Home & Kitchen,Vacuum,Wholesale,4,129.99,0.1,467.96,309.29,158.67
ORD-00605,2022-12-09,South,Electronics,Smartphone,Retail,2,699.0,0.2,1118.4,776.04,342.36
ORD-00606,2023-03-08,South,Sports,Dumbbells,Wholesale,1,34.99,0.1,31.49,20.66,10.83
ORD-00607,2025-01-28,North,Electronics,Monitor,Corporate,6,279.0,0.0,1674.0,779.4,894.6
ORD-00608,2022-11-15,North,Sports,Treadmill,Wholesale,2,499.0,0.1,898.2,559.52,338.68
ORD-00609,2025-07-07,South,Clothing,Dress,Wholesale,2,59.99,0.1,107.98,54.62,53.36
ORD-00610,2023-10-29,West,Sports,Resistance Band,Corporate,3,15.99,0.0,47.97,28.56,19.41
ORD-00611,2025-01-09,South,Sports,Resistance Band,Corporate,4,15.99,0.1,57.56,34.92,22.64
ORD-00612,2023-09-27,East,Sports,Resistance Band,Wholesale,2,15.99,0.1,28.78,16.51,12.27
ORD-00613,2024-04-24,East,Clothing,Jacket,Retail,1,89.99,0.0,89.99,47.56,42.43
ORD-00614,2023-12-06,East,Sports,Resistance Band,Wholesale,1,15.99,0.2,12.79,9.41,3.38
ORD-00615,2023-09-06,North,Sports,Treadmill,Corporate,5,499.0,0.0,2495.0,1420.94,1074.06
ORD-00616,2024-02-05,South,Sports,Resistance Band,Corporate,4,15.99,0.05,60.76,31.18,29.58
ORD-00617,2025-08-15,West,Sports,Yoga Mat,Corporate,2,24.99,0.2,39.98,24.29,15.69
ORD-00618,2025-11-22,East,Home & Kitchen,Lamp,Retail,3,24.99,0.05,71.22,35.85,35.37
ORD-00619,2023-01-09,South,Home & Kitchen,Mixer,Corporate,4,39.99,0.1,143.96,82.85,61.11
ORD-00620,2025-06-29,West,Clothing,Jacket,Retail,1,89.99,0.1,80.99,40.79,40.2
ORD-00621,2023-08-01,East,Clothing,Sneakers,Retail,1,79.99,0.0,79.99,37.08,42.91
ORD-00622,2024-10-07,South,Home & Kitchen,Vacuum,Wholesale,3,129.99,0.1,350.97,233.86,117.11
ORD-00623,2025-11-28,North,Home & Kitchen,Mixer,Wholesale,2,39.99,0.1,71.98,39.19,32.79
ORD-00624,2022-05-27,West,Clothing,Jeans,Corporate,4,49.99,0.0,199.96,93.64,106.32
ORD-00625,2023-05-25,West,Sports,Yoga Mat,Corporate,1,24.99,0.2,19.99,14.14,5.85
ORD-00626,2025-09-25,South,Sports,Water Bottle,Corporate,3,12.99,0.0,38.97,18.46,20.51
ORD-00627,2022-03-28,North,Home & Kitchen,Vacuum,Retail,3,129.99,0.0,389.97,196.57,193.4
ORD-00628,2025-09-27,South,Electronics,Smartphone,Corporate,3,699.0,0.0,2097.0,1193.53,903.47
ORD-00629,2022-09-03,West,Clothing,T-Shirt,Corporate,1,19.99,0.2,15.99,10.42,5.57
ORD-00630,2022-11-14,East,Electronics,Smartphone,Corporate,2,699.0,0.2,1118.4,758.83,359.57
ORD-00631,2022-05-03,North,Home & Kitchen,Coffee Maker,Retail,5,59.99,0.0,299.95,140.64,159.31
ORD-00632,2023-10-11,East,Sports,Yoga Mat,Corporate,1,24.99,0.2,19.99,12.66,7.33
ORD-00633,2022-10-03,East,Electronics,Monitor,Retail,4,279.0,0.1,1004.4,618.88,385.52
ORD-00634,2025-03-06,South,Home & Kitchen,Toaster,Corporate,4,29.99,0.0,119.96,69.59,50.37
ORD-00635,2025-02-09,South,Electronics,Tablet,Wholesale,2,329.0,0.1,592.2,349.56,242.64
ORD-00636,2022-01-02,West,Clothing,T-Shirt,Corporate,7,19.99,0.1,125.94,67.98,57.96
ORD-00637,2022-05-10,West,Clothing,Dress,Wholesale,5,59.99,0.1,269.95,162.56,107.39
ORD-00638,2024-04-19,East,Electronics,Laptop,Retail,5,899.0,0.0,4495.0,2585.88,1909.12
ORD-00639,2023-01-01,North,Clothing,T-Shirt,Corporate,4,19.99,0.0,79.96,37.17,42.79
ORD-00640,2025-08-07,West,Sports,Resistance Band,Retail,6,15.99,0.0,95.94,43.88,52.06
ORD-00641,2025-05-25,North,Electronics,Smartphone,Corporate,5,699.0,0.0,3495.0,1818.13,1676.87
ORD-00642,2022-05-05,East,Sports,Treadmill,Retail,1,499.0,0.1,449.1,244.45,204.65
ORD-00643,2022-05-25,East,Electronics,Smartphone,Wholesale,4,699.0,0.2,2236.8,1355.09,881.71
ORD-00644,2023-01-24,South,Clothing,Dress,Wholesale,2,59.99,0.1,107.98,67.47,40.51
ORD-00645,2022-08-05,East,Sports,Water Bottle,Corporate,1,12.99,0.0,12.99,7.39,5.6
ORD-00646,2024-04-02,East,Clothing,Dress,Wholesale,5,59.99,0.1,269.95,176.98,92.97
ORD-00647,2025-01-31,East,Home & Kitchen,Vacuum,Retail,4,129.99,0.2,415.97,259.21,156.76
ORD-00648,2025-02-27,South,Sports,Resistance Band,Wholesale,3,15.99,0.1,43.17,28.51,14.66
ORD-00649,2024-03-24,North,Electronics,Headphones,Wholesale,4,149.0,0.1,536.4,357.01,179.39
ORD-00650,2022-01-14,East,Clothing,Jeans,Corporate,3,49.99,0.0,149.97,84.84,65.13
ORD-00651,2023-07-20,South,Electronics,Laptop,Corporate,4,899.0,0.0,3596.0,1761.13,1834.87
ORD-00652,2023-05-27,South,Home & Kitchen,Toaster,Retail,1,29.99,0.1,26.99,15.29,11.7
ORD-00653,2022-06-08,East,Sports,Yoga Mat,Retail,4,24.99,0.2,79.97,55.52,24.45
ORD-00654,2025-05-04,East,Electronics,Tablet,Wholesale,3,329.0,0.1,888.3,580.63,307.67
ORD-00655,2023-12-14,West,Sports,Dumbbells,Corporate,2,34.99,0.1,62.98,41.24,21.74
ORD-00656,2025-07-18,West,Electronics,Headphones,Corporate,4,149.0,0.0,596.0,297.42,298.58
ORD-00657,2023-03-29,South,Electronics,Monitor,Retail,5,279.0,0.1,1255.5,733.36,522.14
ORD-00658,2024-06-03,East,Sports,Yoga Mat,Corporate,2,24.99,0.0,49.98,23.11,26.87
ORD-00659,2022-04-11,West,Home & Kitchen,Mixer,Retail,5,39.99,0.2,159.96,93.89,66.07
ORD-00660,2024-09-11,South,Sports,Water Bottle,Corporate,5,12.99,0.0,64.95,34.69,30.26
ORD-00661,2024-12-09,South,Clothing,T-Shirt,Corporate,3,19.99,0.05,56.97,29.9,27.07
ORD-00662,2022-07-03,North,Sports,Water Bottle,Wholesale,3,12.99,0.1,35.07,18.65,16.42
ORD-00663,2025-05-01,North,Home & Kitchen,Coffee Maker,Wholesale,3,59.99,0.1,161.97,103.17,58.8
ORD-00664,2025-06-30,South,Sports,Dumbbells,Retail,2,34.99,0.0,69.98,38.69,31.29
ORD-00665,2022-06-25,North,Electronics,Smartphone,Corporate,6,699.0,0.0,4194.0,1895.94,2298.06
ORD-00666,2022-08-16,East,Sports,Water Bottle,Corporate,1,12.99,0.0,12.99,6.25,6.74
ORD-00667,2023-03-10,South,Home & Kitchen,Lamp,Retail,4,24.99,0.1,89.96,55.93,34.03
ORD-00668,2025-11-24,North,Sports,Resistance Band,Retail,5,15.99,0.0,79.95,39.04,40.91
ORD-00669,2023-08-05,South,Home & Kitchen,Mixer,Retail,4,39.99,0.2,127.97,94.66,33.31
ORD-00670,2024-03-06,East,Home & Kitchen,Mixer,Corporate,1,39.99,0.0,39.99,23.2,16.79
ORD-00671,2024-03-02,South,Sports,Resistance Band,Corporate,1,15.99,0.0,15.99,8.36,7.63
ORD-00672,2024-12-24,North,Clothing,Jeans,Corporate,5,49.99,0.05,237.45,133.5,103.95
ORD-00673,2022-02-14,North,Clothing,Dress,Corporate,3,59.99,0.0,179.97,94.21,85.76
ORD-00674,2022-11-18,North,Home & Kitchen,Toaster,Corporate,3,29.99,0.2,71.98,44.57,27.41
ORD-00675,2023-07-19,North,Home & Kitchen,Vacuum,Retail,1,129.99,0.1,116.99,77.0,39.99
ORD-00676,2022-11-07,East,Sports,Yoga Mat,Corporate,1,24.99,0.2,19.99,12.68,7.31
ORD-00677,2025-06-08,South,Sports,Yoga Mat,Wholesale,5,24.99,0.1,112.45,64.22,48.23
ORD-00678,2025-05-24,East,Sports,Resistance Band,Corporate,2,15.99,0.0,31.98,17.52,14.46
ORD-00679,2025-01-13,South,Clothing,Jacket,Retail,5,89.99,0.0,449.95,231.5,218.45
ORD-00680,2025-09-05,South,Home & Kitchen,Mixer,Retail,5,39.99,0.1,179.96,118.43,61.53
ORD-00681,2023-01-13,East,Clothing,T-Shirt,Wholesale,3,19.99,0.1,53.97,35.63,18.34
ORD-00682,2024-06-26,East,Clothing,Jeans,Corporate,1,49.99,0.0,49.99,23.88,26.11
ORD-00683,2025-06-17,East,Clothing,Dress,Wholesale,2,59.99,0.1,107.98,66.36,41.62
ORD-00684,2022-06-12,West,Clothing,Dress,Wholesale,6,59.99,0.2,287.95,182.16,105.79
ORD-00685,2024-10-03,West,Clothing,Jeans,Retail,2,49.99,0.05,94.98,56.46,38.52
ORD-00686,2023-07-07,West,Clothing,Jeans,Wholesale,1,49.99,0.1,44.99,29.0,15.99
ORD-00687,2025-11-09,East,Sports,Yoga Mat,Corporate,4,24.99,0.05,94.96,56.62,38.34
ORD-00688,2024-02-19,East,Sports,Resistance Band,Corporate,5,15.99,0.1,71.95,42.41,29.54
ORD-00689,2025-12-13,North,Electronics,Monitor,Retail,5,279.0,0.0,1395.0,811.43,583.57
ORD-00690,2024-11-28,West,Electronics,Tablet,Wholesale,5,329.0,0.1,1480.5,787.1,693.4
ORD-00691,2024-03-26,East,Home & Kitchen,Vacuum,Retail,2,129.99,0.05,246.98,128.47,118.51
ORD-00692,2025-11-14,South,Sports,Water Bottle,Retail,1,12.99,0.2,10.39,6.82,3.57
ORD-00693,2025-04-13,South,Sports,Water Bottle,Wholesale,3,12.99,0.1,35.07,17.68,17.39
ORD-00694,2025-04-23,South,Sports,Dumbbells,Corporate,3,34.99,0.0,104.97,58.13,46.84
ORD-00695,2022-12-02,North,Electronics,Laptop,Wholesale,4,899.0,0.1,3236.4,1900.75,1335.65
ORD-00696,2024-11-13,South,Sports,Resistance Band,Wholesale,4,15.99,0.1,57.56,36.15,21.41
ORD-00697,2025-03-04,South,Clothing,Jeans,Wholesale,2,49.99,0.2,79.98,45.76,34.22
ORD-00698,2023-09-26,West,Home & Kitchen,Coffee Maker,Wholesale,1,59.99,0.1,53.99,27.03,26.96
ORD-00699,2022-01-26,West,Sports,Water Bottle,Retail,7,12.99,0.1,81.84,52.96,28.88
ORD-00700,2023-03-21,West,Sports,Water Bottle,Corporate,3,12.99,0.1,35.07,17.57,17.5
ORD-00701,2023-07-24,South,Electronics,Smartphone,Retail,1,699.0,0.0,699.0,318.4,380.6
ORD-00702,2025-09-28,East,Home & Kitchen,Mixer,Retail,1,39.99,0.0,39.99,20.5,19.49
ORD-00703,2022-11-27,East,Clothing,Sneakers,Retail,5,79.99,0.0,399.95,235.86,164.09
ORD-00704,2023-09-05,East,Home & Kitchen,Vacuum,Retail,1,129.99,0.05,123.49,74.94,48.55
ORD-00705,2023-08-23,West,Clothing,T-Shirt,Corporate,3,19.99,0.05,56.97,31.71,25.26
ORD-00706,2023-03-05,North,Electronics,Tablet,Corporate,6,329.0,0.05,1875.3,1102.7,772.6
ORD-00707,2025-12-18,East,Sports,Resistance Band,Corporate,3,15.99,0.0,47.97,25.37,22.6
ORD-00708,2023-12-26,South,Sports,Resistance Band,Corporate,4,15.99,0.05,60.76,36.53,24.23
ORD-00709,2023-04-22,East,Clothing,T-Shirt,Retail,1,19.99,0.0,19.99,10.39,9.6
ORD-00710,2023-03-01,West,Sports,Dumbbells,Corporate,3,34.99,0.2,83.98,50.58,33.4
ORD-00711,2023-02-17,East,Home & Kitchen,Mixer,Wholesale,3,39.99,0.1,107.97,63.1,44.87
ORD-00712,2022-01-13,North,Home & Kitchen,Toaster,Retail,4,29.99,0.2,95.97,64.22,31.75
ORD-00713,2022-12-26,South,Home & Kitchen,Toaster,Corporate,4,29.99,0.05,113.96,68.33,45.63
ORD-00714,2022-10-06,West,Clothing,Sneakers,Wholesale,7,79.99,0.1,503.94,317.82,186.12
ORD-00715,2022-04-25,East,Home & Kitchen,Lamp,Corporate,5,24.99,0.0,124.95,60.13,64.82
ORD-00716,2023-11-11,East,Electronics,Smartphone,Corporate,3,699.0,0.0,2097.0,1253.05,843.95
ORD-00717,2024-12-30,South,Sports,Yoga Mat,Wholesale,5,24.99,0.1,112.45,72.43,40.02
ORD-00718,2025-12-15,East,Electronics,Headphones,Wholesale,3,149.0,0.1,402.3,226.06,176.24
ORD-00719,2023-03-19,East,Clothing,T-Shirt,Retail,3,19.99,0.0,59.97,33.98,25.99
ORD-00720,2024-06-27,North,Sports,Resistance Band,Wholesale,2,15.99,0.1,28.78,16.02,12.76
ORD-00721,2024-12-08,East,Home & Kitchen,Coffee Maker,Retail,1,59.99,0.1,53.99,33.08,20.91
ORD-00722,2023-02-25,North,Sports,Water Bottle,Retail,5,12.99,0.0,64.95,29.27,35.68
ORD-00723,2025-11-08,North,Home & Kitchen,Vacuum,Corporate,1,129.99,0.0,129.99,68.65,61.34
ORD-00724,2023-10-02,North,Home & Kitchen,Coffee Maker,Wholesale,3,59.99,0.1,161.97,86.18,75.79
ORD-00725,2024-12-26,East,Sports,Dumbbells,Retail,3,34.99,0.0,104.97,49.72,55.25
ORD-00726,2022-02-01,North,Clothing,Dress,Retail,3,59.99,0.1,161.97,89.58,72.39
ORD-00727,2025-12-13,East,Clothing,Jeans,Wholesale,1,49.99,0.1,44.99,27.09,17.9
ORD-00728,2025-01-12,West,Electronics,Smartphone,Retail,1,699.0,0.0,699.0,354.77,344.23
ORD-00729,2024-05-23,West,Clothing,Dress,Corporate,6,59.99,0.2,287.95,199.73,88.22
ORD-00730,2023-12-30,East,Home & Kitchen,Coffee Maker,Wholesale,5,59.99,0.1,269.95,178.79,91.16
ORD-00731,2025-03-08,South,Electronics,Monitor,Wholesale,1,279.0,0.2,223.2,152.52,70.68
ORD-00732,2024-08-21,South,Clothing,Jeans,Wholesale,5,49.99,0.1,224.96,146.7,78.26
ORD-00733,2023-01-11,East,Home & Kitchen,Vacuum,Retail,4,129.99,0.0,519.96,239.08,280.88
ORD-00734,2023-12-21,West,Sports,Yoga Mat,Corporate,4,24.99,0.1,89.96,53.6,36.36
ORD-00735,2022-07-30,West,Electronics,Headphones,Corporate,7,149.0,0.1,938.7,541.47,397.23
ORD-00736,2024-04-26,South,Clothing,Dress,Wholesale,2,59.99,0.1,107.98,60.9,47.08
ORD-00737,2023-03-03,West,Sports,Resistance Band,Corporate,3,15.99,0.0,47.97,22.83,25.14
ORD-00738,2022-06-09,West,Electronics,Tablet,Wholesale,6,329.0,0.1,1776.6,940.47,836.13
ORD-00739,2022-05-23,North,Sports,Treadmill,Retail,4,499.0,0.2,1596.8,1095.85,500.95
ORD-00740,2023-03-22,South,Electronics,Smartphone,Corporate,2,699.0,0.0,1398.0,710.88,687.12
ORD-00741,2024-07-04,South,Clothing,Jacket,Corporate,3,89.99,0.1,242.97,153.65,89.32
ORD-00742,2023-09-16,West,Home & Kitchen,Mixer,Retail,4,39.99,0.1,143.96,81.68,62.28
ORD-00743,2023-08-26,North,Home & Kitchen,Lamp,Wholesale,1,24.99,0.1,22.49,13.88,8.61
ORD-00744,2022-08-13,East,Electronics,Smartphone,Corporate,4,699.0,0.05,2656.2,1520.41,1135.79
ORD-00745,2024-02-23,West,Sports,Water Bottle,Retail,5,12.99,0.0,64.95,33.85,31.1
ORD-00746,2025-02-11,West,Home & Kitchen,Vacuum,Retail,2,129.99,0.2,207.98,121.89,86.09
ORD-00747,2022-05-27,North,Clothing,Sneakers,Corporate,4,79.99,0.0,319.96,148.05,171.91
ORD-00748,2024-05-01,West,Sports,Resistance Band,Wholesale,2,15.99,0.1,28.78,17.04,11.74
ORD-00749,2024-02-27,East,Clothing,Jeans,Wholesale,4,49.99,0.1,179.96,90.2,89.76
ORD-00750,2023-04-30,East,Sports,Resistance Band,Retail,5,15.99,0.0,79.95,36.38,43.57
ORD-00751,2025-03-09,West,Home & Kitchen,Mixer,Corporate,6,39.99,0.2,191.95,110.85,81.1
ORD-00752,2024-12-14,East,Sports,Resistance Band,Retail,1,15.99,0.1,14.39,9.33,5.06
ORD-00753,2023-05-18,West,Electronics,Tablet,Retail,4,329.0,0.0,1316.0,697.82,618.18
ORD-00754,2024-08-18,West,Sports,Resistance Band,Retail,3,15.99,0.0,47.97,23.67,24.3
ORD-00755,2025-11-24,East,Home & Kitchen,Mixer,Retail,4,39.99,0.1,143.96,76.04,67.92
ORD-00756,2025-09-06,East,Electronics,Headphones,Wholesale,3,149.0,0.1,402.3,206.3,196.0
ORD-00757,2023-06-01,South,Home & Kitchen,Toaster,Corporate,3,29.99,0.0,89.97,50.49,39.48
ORD-00758,2022-12-24,South,Sports,Treadmill,Retail,2,499.0,0.0,998.0,566.24,431.76
ORD-00759,2024-09-20,South,Electronics,Headphones,Retail,1,149.0,0.1,134.1,87.92,46.18
ORD-00760,2024-10-12,West,Sports,Yoga Mat,Corporate,5,24.99,0.0,124.95,60.18,64.77
ORD-00761,2023-12-08,North,Home & Kitchen,Mixer,Wholesale,1,39.99,0.1,35.99,20.78,15.21
ORD-00762,2023-09-10,West,Clothing,Sneakers,Wholesale,4,79.99,0.1,287.96,169.44,118.52
ORD-00763,2022-01-25,East,Sports,Water Bottle,Retail,3,12.99,0.1,35.07,21.53,13.54
ORD-00764,2022-07-19,East,Sports,Resistance Band,Retail,3,15.99,0.0,47.97,23.53,24.44
ORD-00765,2023-06-07,West,Sports,Yoga Mat,Corporate,7,24.99,0.1,157.44,87.57,69.87
ORD-00766,2023-01-04,East,Electronics,Laptop,Corporate,1,899.0,0.0,899.0,475.38,423.62
ORD-00767,2024-07-02,East,Clothing,Jacket,Corporate,3,89.99,0.0,269.97,122.87,147.1
ORD-00768,2022-07-08,North,Clothing,Dress,Retail,1,59.99,0.2,47.99,35.61,12.38
ORD-00769,2025-05-23,South,Sports,Resistance Band,Wholesale,2,15.99,0.1,28.78,17.73,11.05
ORD-00770,2023-08-27,West,Electronics,Monitor,Wholesale,4,279.0,0.2,892.8,631.08,261.72
ORD-00771,2023-06-12,South,Electronics,Headphones,Wholesale,1,149.0,0.1,134.1,89.31,44.79
ORD-00772,2023-06-27,South,Sports,Dumbbells,Retail,4,34.99,0.0,139.96,75.79,64.17
ORD-00773,2025-08-14,West,Electronics,Smartphone,Wholesale,6,699.0,0.2,3355.2,1954.14,1401.06
ORD-00774,2023-06-15,North,Electronics,Laptop,Retail,1,899.0,0.0,899.0,509.36,389.64
ORD-00775,2024-10-16,South,Electronics,Laptop,Wholesale,3,899.0,0.2,2157.6,1347.08,810.52
ORD-00776,2025-03-22,North,Sports,Water Bottle,Retail,4,12.99,0.05,49.36,29.96,19.4
ORD-00777,2025-01-11,South,Electronics,Monitor,Wholesale,3,279.0,0.1,753.3,494.04,259.26
ORD-00778,2023-11-14,East,Sports,Dumbbells,Wholesale,1,34.99,0.1,31.49,18.55,12.94
ORD-00779,2022-06-14,West,Home & Kitchen,Coffee Maker,Wholesale,2,59.99,0.1,107.98,65.88,42.1
ORD-00780,2025-11-26,West,Electronics,Headphones,Retail,3,149.0,0.2,357.6,213.85,143.75
ORD-00781,2023-01-31,North,Clothing,Sneakers,Corporate,4,79.99,0.0,319.96,182.03,137.93
ORD-00782,2023-09-23,West,Sports,Dumbbells,Retail,1,34.99,0.0,34.99,19.88,15.11
ORD-00783,2024-04-10,North,Clothing,Dress,Corporate,4,59.99,0.2,191.97,139.3,52.67
ORD-00784,2022-11-02,South,Electronics,Laptop,Corporate,2,899.0,0.0,1798.0,936.19,861.81
ORD-00785,2022-04-04,South,Clothing,T-Shirt,Wholesale,2,19.99,0.2,31.98,18.29,13.69
ORD-00786,2022-07-19,West,Clothing,Dress,Corporate,1,59.99,0.0,59.99,28.02,31.97
ORD-00787,2025-06-14,South,Electronics,Smartphone,Wholesale,4,699.0,0.2,2236.8,1542.72,694.08
ORD-00788,2022-09-05,South,Home & Kitchen,Coffee Maker,Retail,1,59.99,0.1,53.99,28.56,25.43
ORD-00789,2022-09-05,East,Clothing,Sneakers,Retail,2,79.99,0.2,127.98,80.87,47.11
ORD-00790,2024-06-17,South,Electronics,Smartphone,Retail,1,699.0,0.2,559.2,378.76,180.44
ORD-00791,2022-02-02,West,Electronics,Laptop,Wholesale,1,899.0,0.2,719.2,484.61,234.59
ORD-00792,2024-05-02,West,Clothing,Jeans,Retail,2,49.99,0.1,89.98,51.75,38.23
ORD-00793,2022-12-24,North,Clothing,Sneakers,Wholesale,5,79.99,0.1,359.95,217.6,142.35
ORD-00794,2023-12-14,West,Electronics,Tablet,Corporate,2,329.0,0.0,658.0,357.19,300.81
ORD-00795,2024-11-05,South,Sports,Yoga Mat,Retail,3,24.99,0.0,74.97,35.91,39.06
ORD-00796,2025-11-04,West,Sports,Yoga Mat,Wholesale,2,24.99,0.1,44.98,22.9,22.08
ORD-00797,2023-08-07,South,Sports,Treadmill,Wholesale,3,499.0,0.1,1347.3,854.45,492.85
ORD-00798,2022-03-30,North,Electronics,Tablet,Retail,1,329.0,0.0,329.0,171.99,157.01
ORD-00799,2022-05-26,South,Sports,Resistance Band,Corporate,5,15.99,0.0,79.95,41.0,38.95
ORD-00800,2025-10-18,East,Clothing,T-Shirt,Corporate,3,19.99,0.0,59.97,27.87,32.1
ORD-00801,2024-04-24,South,Sports,Yoga Mat,Retail,1,24.99,0.05,23.74,13.44,10.3
ORD-00802,2024-06-11,South,Clothing,Dress,Retail,4,59.99,0.0,239.96,121.92,118.04
ORD-00803,2024-07-26,South,Home & Kitchen,Toaster,Corporate,2,29.99,0.0,59.98,28.14,31.84
ORD-00804,2025-03-10,North,Home & Kitchen,Coffee Maker,Retail,1,59.99,0.05,56.99,31.12,25.87
ORD-00805,2023-12-05,South,Home & Kitchen,Lamp,Retail,2,24.99,0.2,39.98,29.63,10.35
ORD-00806,2025-03-29,South,Electronics,Monitor,Wholesale,5,279.0,0.1,1255.5,751.54,503.96
ORD-00807,2023-07-26,North,Sports,Yoga Mat,Retail,2,24.99,0.0,49.98,25.75,24.23
ORD-00808,2025-04-26,South,Electronics,Monitor,Corporate,1,279.0,0.05,265.05,156.25,108.8
ORD-00809,2022-03-10,West,Sports,Water Bottle,Retail,1,12.99,0.0,12.99,6.01,6.98
ORD-00810,2025-11-20,West,Clothing,Jeans,Retail,3,49.99,0.2,119.98,89.96,30.02
ORD-00811,2024-09-09,East,Clothing,Sneakers,Wholesale,5,79.99,0.2,319.96,214.99,104.97
ORD-00812,2024-08-07,South,Sports,Yoga Mat,Corporate,3,24.99,0.2,59.98,38.96,21.02
ORD-00813,2022-01-03,North,Sports,Treadmill,Wholesale,5,499.0,0.1,2245.5,1233.75,1011.75
ORD-00814,2025-11-30,South,Electronics,Tablet,Corporate,3,329.0,0.0,987.0,520.36,466.64
ORD-00815,2024-01-16,North,Electronics,Monitor,Retail,3,279.0,0.0,837.0,422.55,414.45
ORD-00816,2025-08-20,North,Clothing,Jeans,Corporate,3,49.99,0.0,149.97,79.63,70.34
ORD-00817,2024-09-06,South,Clothing,Jacket,Wholesale,3,89.99,0.1,242.97,141.88,101.09
ORD-00818,2023-07-22,North,Electronics,Headphones,Retail,3,149.0,0.1,402.3,236.46,165.84
ORD-00819,2024-08-20,East,Sports,Resistance Band,Retail,3,15.99,0.2,38.38,28.39,9.99
ORD-00820,2023-01-21,West,Electronics,Laptop,Wholesale,5,899.0,0.1,4045.5,2096.49,1949.01
ORD-00821,2022-08-18,South,Sports,Yoga Mat,Retail,2,24.99,0.1,44.98,29.63,15.35
ORD-00822,2023-08-24,West,Clothing,Sneakers,Wholesale,3,79.99,0.2,191.98,131.19,60.79
ORD-00823,2023-01-23,North,Electronics,Smartphone,Corporate,5,699.0,0.05,3320.25,1876.14,1444.11
ORD-00824,2025-08-16,East,Sports,Resistance Band,Wholesale,5,15.99,0.1,71.95,41.32,30.63
ORD-00825,2025-03-07,South,Home & Kitchen,Coffee Maker,Wholesale,3,59.99,0.1,161.97,94.06,67.91
ORD-00826,2022-04-07,South,Home & Kitchen,Toaster,Retail,4,29.99,0.0,119.96,65.11,54.85
ORD-00827,2025-12-28,East,Clothing,Jeans,Retail,2,49.99,0.0,99.98,48.56,51.42
ORD-00828,2023-10-11,South,Sports,Treadmill,Corporate,3,499.0,0.0,1497.0,719.72,777.28
ORD-00829,2022-03-13,East,Home & Kitchen,Coffee Maker,Retail,3,59.99,0.05,170.97,95.56,75.41
ORD-00830,2024-12-28,East,Electronics,Laptop,Wholesale,5,899.0,0.1,4045.5,2661.8,1383.7
ORD-00831,2022-11-16,North,Home & Kitchen,Toaster,Corporate,4,29.99,0.0,119.96,71.43,48.53
ORD-00832,2025-09-27,South,Sports,Treadmill,Retail,1,499.0,0.2,399.2,260.4,138.8
ORD-00833,2022-10-13,North,Home & Kitchen,Mixer,Wholesale,4,39.99,0.1,143.96,92.16,51.8
ORD-00834,2024-01-02,North,Home & Kitchen,Mixer,Corporate,5,39.99,0.2,159.96,95.83,64.13
ORD-00835,2023-03-31,East,Clothing,T-Shirt,Corporate,1,19.99,0.1,17.99,11.54,6.45
ORD-00836,2025-10-07,North,Sports,Yoga Mat,Corporate,4,24.99,0.0,99.96,54.03,45.93
ORD-00837,2022-04-25,East,Sports,Yoga Mat,Retail,4,24.99,0.0,99.96,50.77,49.19
ORD-00838,2023-08-06,East,Home & Kitchen,Toaster,Corporate,4,29.99,0.1,107.96,55.56,52.4
ORD-00839,2024-06-28,West,Sports,Treadmill,Wholesale,2,499.0,0.1,898.2,558.17,340.03
ORD-00840,2022-10-13,North,Clothing,Jeans,Corporate,3,49.99,0.05,142.47,89.72,52.75
ORD-00841,2023-11-18,North,Sports,Dumbbells,Wholesale,1,34.99,0.1,31.49,19.1,12.39
ORD-00842,2024-04-28,South,Sports,Resistance Band,Wholesale,2,15.99,0.1,28.78,15.28,13.5
ORD-00843,2023-08-16,West,Electronics,Headphones,Retail,5,149.0,0.05,707.75,360.34,347.41
ORD-00844,2022-11-12,East,Home & Kitchen,Vacuum,Wholesale,1,129.99,0.2,103.99,71.48,32.51
ORD-00845,2024-05-04,South,Sports,Yoga Mat,Wholesale,1,24.99,0.1,22.49,14.11,8.38
ORD-00846,2022-05-17,East,Sports,Resistance Band,Wholesale,4,15.99,0.1,57.56,34.81,22.75
ORD-00847,2025-11-22,North,Home & Kitchen,Lamp,Retail,5,24.99,0.0,124.95,72.07,52.88
ORD-00848,2025-04-06,North,Clothing,Jacket,Retail,4,89.99,0.2,287.97,169.3,118.67
ORD-00849,2022-04-19,East,Home & Kitchen,Vacuum,Corporate,3,129.99,0.0,389.97,192.44,197.53
ORD-00850,2025-08-01,North,Clothing,Jeans,Corporate,1,49.99,0.1,44.99,28.14,16.85
ORD-00851,2023-10-23,East,Home & Kitchen,Toaster,Wholesale,3,29.99,0.1,80.97,47.7,33.27
ORD-00852,2022-10-22,North,Clothing,Dress,Wholesale,3,59.99,0.1,161.97,102.01,59.96
ORD-00853,2023-11-28,South,Electronics,Smartphone,Corporate,2,699.0,0.0,1398.0,795.83,602.17
ORD-00854,2025-06-10,North,Sports,Water Bottle,Retail,1,12.99,0.0,12.99,7.44,5.55
ORD-00855,2024-09-09,East,Home & Kitchen,Toaster,Corporate,2,29.99,0.05,56.98,35.0,21.98
ORD-00856,2024-12-07,East,Clothing,Jacket,Retail,1,89.99,0.2,71.99,51.49,20.5
ORD-00857,2022-09-21,South,Clothing,Jacket,Retail,2,89.99,0.0,179.98,84.51,95.47
ORD-00858,2024-05-20,North,Electronics,Laptop,Retail,5,899.0,0.0,4495.0,2155.14,2339.86
ORD-00859,2025-09-13,North,Sports,Dumbbells,Corporate,3,34.99,0.0,104.97,48.28,56.69
ORD-00860,2022-01-22,North,Electronics,Tablet,Wholesale,2,329.0,0.1,592.2,314.34,277.86
ORD-00861,2022-03-01,North,Clothing,Jacket,Corporate,5,89.99,0.0,449.95,226.25,223.7
ORD-00862,2025-06-09,South,Electronics,Laptop,Retail,6,899.0,0.1,4854.6,2602.87,2251.73
ORD-00863,2023-08-01,South,Electronics,Laptop,Corporate,2,899.0,0.2,1438.4,937.13,501.27
ORD-00864,2025-04-22,South,Sports,Dumbbells,Wholesale,2,34.99,0.1,62.98,41.79,21.19
ORD-00865,2023-03-15,South,Sports,Dumbbells,Corporate,3,34.99,0.0,104.97,54.57,50.4
ORD-00866,2022-10-06,West,Home & Kitchen,Toaster,Retail,7,29.99,0.0,209.93,104.8,105.13
ORD-00867,2024-02-28,East,Sports,Resistance Band,Wholesale,3,15.99,0.2,38.38,28.61,9.77
ORD-00868,2023-04-08,West,Home & Kitchen,Vacuum,Wholesale,2,129.99,0.1,233.98,153.61,80.37
ORD-00869,2023-01-03,North,Sports,Dumbbells,Corporate,4,34.99,0.05,132.96,73.95,59.01
ORD-00870,2022-06-24,North,Clothing,Sneakers,Retail,4,79.99,0.2,255.97,172.33,83.64
ORD-00871,2022-12-12,North,Home & Kitchen,Coffee Maker,Wholesale,3,59.99,0.1,161.97,97.05,64.92
ORD-00872,2022-09-09,South,Sports,Water Bottle,Corporate,3,12.99,0.2,31.18,22.01,9.17
ORD-00873,2023-07-14,West,Home & Kitchen,Vacuum,Retail,7,129.99,0.05,864.43,479.27,385.16
ORD-00874,2024-07-20,North,Electronics,Headphones,Retail,4,149.0,0.2,476.8,352.45,124.35
ORD-00875,2022-07-23,North,Electronics,Monitor,Wholesale,1,279.0,0.1,251.1,150.85,100.25
ORD-00876,2022-11-09,East,Electronics,Laptop,Corporate,6,899.0,0.05,5124.3,2590.68,2533.62
ORD-00877,2024-10-16,West,Home & Kitchen,Lamp,Retail,4,24.99,0.1,89.96,53.18,36.78
ORD-00878,2024-05-31,North,Sports,Water Bottle,Retail,3,12.99,0.05,37.02,20.12,16.9
ORD-00879,2022-03-09,South,Home & Kitchen,Coffee Maker,Corporate,4,59.99,0.05,227.96,112.82,115.14
ORD-00880,2024-03-07,West,Electronics,Tablet,Corporate,6,329.0,0.1,1776.6,1027.41,749.19
ORD-00881,2022-11-17,North,Sports,Treadmill,Corporate,4,499.0,0.1,1796.4,1188.88,607.52
ORD-00882,2025-10-17,East,Home & Kitchen,Toaster,Retail,1,29.99,0.0,29.99,16.15,13.84
ORD-00883,2024-01-21,East,Electronics,Headphones,Wholesale,3,149.0,0.1,402.3,267.66,134.64
ORD-00884,2023-12-21,North,Clothing,Jeans,Retail,2,49.99,0.2,79.98,49.67,30.31
ORD-00885,2025-11-10,North,Home & Kitchen,Mixer,Wholesale,3,39.99,0.1,107.97,54.34,53.63
ORD-00886,2022-03-18,West,Sports,Resistance Band,Wholesale,7,15.99,0.1,100.74,50.71,50.03
ORD-00887,2025-04-19,North,Home & Kitchen,Vacuum,Retail,5,129.99,0.05,617.45,323.91,293.54
ORD-00888,2024-09-27,North,Clothing,Jacket,Corporate,4,89.99,0.1,323.96,205.8,118.16
ORD-00889,2023-11-27,South,Home & Kitchen,Toaster,Retail,4,29.99,0.0,119.96,62.92,57.04
ORD-00890,2025-01-02,South,Home & Kitchen,Toaster,Wholesale,1,29.99,0.1,26.99,17.98,9.01
ORD-00891,2023-04-08,North,Electronics,Tablet,Wholesale,2,329.0,0.1,592.2,375.18,217.02
ORD-00892,2024-05-24,South,Home & Kitchen,Mixer,Wholesale,3,39.99,0.1,107.97,68.46,39.51
ORD-00893,2025-09-20,East,Clothing,Sneakers,Wholesale,4,79.99,0.1,287.96,173.98,113.98
ORD-00894,2025-10-07,South,Electronics,Tablet,Corporate,2,329.0,0.0,658.0,361.32,296.68
ORD-00895,2024-08-15,East,Sports,Resistance Band,Wholesale,1,15.99,0.1,14.39,7.68,6.71
ORD-00896,2022-10-30,South,Clothing,Jacket,Retail,4,89.99,0.05,341.96,179.19,162.77
ORD-00897,2025-07-22,South,Sports,Treadmill,Corporate,3,499.0,0.2,1197.6,709.71,487.89
ORD-00898,2025-05-16,South,Sports,Yoga Mat,Retail,1,24.99,0.0,24.99,11.96,13.03
ORD-00899,2023-09-28,West,Sports,Resistance Band,Wholesale,4,15.99,0.1,57.56,30.72,26.84
ORD-00900,2022-10-07,North,Home & Kitchen,Toaster,Retail,5,29.99,0.0,149.95,81.97,67.98
ORD-00901,2024-09-22,North,Electronics,Laptop,Wholesale,3,899.0,0.1,2427.3,1577.98,849.32
ORD-00902,2024-01-15,North,Sports,Yoga Mat,Corporate,2,24.99,0.0,49.98,26.77,23.21
ORD-00903,2022-09-05,East,Sports,Dumbbells,Wholesale,2,34.99,0.1,62.98,32.77,30.21
ORD-00904,2023-11-06,West,Clothing,Sneakers,Wholesale,2,79.99,0.1,143.98,77.13,66.85
ORD-00905,2024-06-19,West,Home & Kitchen,Lamp,Retail,1,24.99,0.0,24.99,13.87,11.12
ORD-00906,2023-10-11,West,Sports,Yoga Mat,Corporate,4,24.99,0.0,99.96,50.42,49.54
ORD-00907,2024-01-24,East,Electronics,Tablet,Retail,1,329.0,0.2,263.2,187.48,75.72
ORD-00908,2025-11-15,South,Home & Kitchen,Lamp,Corporate,4,24.99,0.0,99.96,54.56,45.4
ORD-00909,2024-01-14,North,Clothing,Sneakers,Wholesale,4,79.99,0.1,287.96,187.65,100.31
ORD-00910,2023-06-08,East,Electronics,Smartphone,Corporate,2,699.0,0.0,1398.0,821.16,576.84
ORD-00911,2023-10-12,West,Electronics,Headphones,Wholesale,1,149.0,0.1,134.1,83.52,50.58
ORD-00912,2024-05-15,North,Clothing,Jacket,Corporate,5,89.99,0.0,449.95,226.23,223.72
ORD-00913,2025-01-26,East,Sports,Dumbbells,Corporate,1,34.99,0.2,27.99,19.11,8.88
ORD-00914,2024-06-27,South,Electronics,Monitor,Retail,2,279.0,0.0,558.0,299.3,258.7
ORD-00915,2022-11-20,South,Clothing,Dress,Corporate,4,59.99,0.0,239.96,124.23,115.73
ORD-00916,2022-10-01,East,Clothing,Dress,Wholesale,3,59.99,0.1,161.97,86.35,75.62
ORD-00917,2024-01-23,South,Sports,Water Bottle,Retail,5,12.99,0.0,64.95,29.43,35.52
ORD-00918,2025-02-17,South,Electronics,Monitor,Corporate,1,279.0,0.0,279.0,127.63,151.37
ORD-00919,2024-05-28,East,Clothing,T-Shirt,Retail,3,19.99,0.0,59.97,35.51,24.46
ORD-00920,2022-01-29,West,Sports,Water Bottle,Wholesale,1,12.99,0.1,11.69,6.22,5.47
ORD-00921,2023-08-13,West,Sports,Yoga Mat,Wholesale,5,24.99,0.1,112.45,60.27,52.18
ORD-00922,2025-10-18,South,Sports,Yoga Mat,Wholesale,4,24.99,0.1,89.96,45.41,44.55
ORD-00923,2023-04-28,West,Clothing,Jacket,Wholesale,6,89.99,0.1,485.95,249.92,236.03
ORD-00924,2022-09-30,East,Sports,Yoga Mat,Corporate,4,24.99,0.2,79.97,51.33,28.64
ORD-00925,2023-06-09,North,Electronics,Tablet,Wholesale,1,329.0,0.1,296.1,171.29,124.81
ORD-00926,2025-05-26,North,Electronics,Headphones,Corporate,5,149.0,0.0,745.0,444.49,300.51
ORD-00927,2024-01-30,South,Electronics,Tablet,Wholesale,1,329.0,0.1,296.1,172.37,123.73
ORD-00928,2024-08-16,South,Electronics,Headphones,Retail,5,149.0,0.0,745.0,348.31,396.69
ORD-00929,2022-09-19,West,Home & Kitchen,Toaster,Wholesale,4,29.99,0.1,107.96,65.01,42.95
ORD-00930,2024-11-24,East,Sports,Yoga Mat,Retail,3,24.99,0.2,59.98,44.92,15.06
ORD-00931,2025-02-12,West,Electronics,Smartphone,Corporate,1,699.0,0.05,664.05,341.83,322.22
ORD-00932,2024-08-14,West,Electronics,Monitor,Wholesale,1,279.0,0.1,251.1,145.86,105.24
ORD-00933,2022-08-19,South,Electronics,Headphones,Retail,1,149.0,0.0,149.0,71.09,77.91
ORD-00934,2024-11-07,East,Clothing,Dress,Retail,1,59.99,0.1,53.99,33.9,20.09
ORD-00935,2024-05-02,North,Clothing,Sneakers,Corporate,1,79.99,0.0,79.99,36.31,43.68
ORD-00936,2025-10-25,North,Sports,Treadmill,Retail,5,499.0,0.0,2495.0,1435.99,1059.01
ORD-00937,2022-03-01,North,Sports,Water Bottle,Corporate,4,12.99,0.2,41.57,30.83,10.74
ORD-00938,2025-09-09,North,Home & Kitchen,Mixer,Corporate,5,39.99,0.05,189.95,99.72,90.23
ORD-00939,2025-03-11,South,Clothing,T-Shirt,Corporate,3,19.99,0.0,59.97,34.17,25.8
ORD-00940,2022-05-25,West,Electronics,Monitor,Retail,4,279.0,0.05,1060.2,517.13,543.07
ORD-00941,2022-11-30,West,Sports,Treadmill,Corporate,1,499.0,0.05,474.05,284.51,189.54
ORD-00942,2023-09-28,South,Home & Kitchen,Mixer,Wholesale,3,39.99,0.1,107.97,57.58,50.39
ORD-00943,2024-03-05,West,Home & Kitchen,Lamp,Corporate,5,24.99,0.05,118.7,71.43,47.27
ORD-00944,2023-01-17,West,Sports,Dumbbells,Corporate,1,34.99,0.05,33.24,19.3,13.94
ORD-00945,2025-11-06,South,Sports,Resistance Band,Wholesale,5,15.99,0.1,71.95,39.46,32.49
ORD-00946,2022-06-12,West,Home & Kitchen,Coffee Maker,Corporate,2,59.99,0.0,119.98,69.14,50.84
ORD-00947,2024-05-25,East,Electronics,Tablet,Wholesale,1,329.0,0.1,296.1,153.36,142.74
ORD-00948,2024-04-25,North,Sports,Resistance Band,Retail,3,15.99,0.0,47.97,23.42,24.55
ORD-00949,2024-10-28,North,Electronics,Monitor,Wholesale,2,279.0,0.1,502.2,254.89,247.31
ORD-00950,2025-12-13,East,Home & Kitchen,Lamp,Wholesale,4,24.99,0.2,79.97,51.73,28.24
ORD-00951,2023-12-01,South,Clothing,Jeans,Wholesale,1,49.99,0.2,39.99,29.86,10.13
ORD-00952,2025-10-11,North,Sports,Resistance Band,Retail,1,15.99,0.0,15.99,8.14,7.85
ORD-00953,2022-12-18,West,Sports,Water Bottle,Corporate,7,12.99,0.0,90.93,49.35,41.58
ORD-00954,2024-01-09,West,Home & Kitchen,Mixer,Retail,1,39.99,0.0,39.99,18.67,21.32
ORD-00955,2025-11-26,South,Electronics,Smartphone,Corporate,4,699.0,0.2,2236.8,1359.6,877.2
ORD-00956,2025-01-08,South,Electronics,Headphones,Retail,3,149.0,0.05,424.65,202.61,222.04
ORD-00957,2022-11-09,West,Sports,Water Bottle,Wholesale,1,12.99,0.1,11.69,6.32,5.37
ORD-00958,2025-03-12,West,Electronics,Headphones,Wholesale,1,149.0,0.1,134.1,88.94,45.16
ORD-00959,2025-03-31,East,Electronics,Monitor,Corporate,4,279.0,0.1,1004.4,623.5,380.9
ORD-00960,2024-09-26,South,Electronics,Tablet,Wholesale,1,329.0,0.1,296.1,175.35,120.75
ORD-00961,2025-08-20,West,Sports,Dumbbells,Corporate,5,34.99,0.2,139.96,87.83,52.13
ORD-00962,2024-06-12,North,Clothing,Jacket,Retail,2,89.99,0.05,170.98,90.27,80.71
ORD-00963,2024-11-05,South,Home & Kitchen,Lamp,Corporate,4,24.99,0.0,99.96,58.22,41.74
ORD-00964,2025-12-27,West,Sports,Treadmill,Wholesale,5,499.0,0.1,2245.5,1355.47,890.03
ORD-00965,2025-11-15,North,Sports,Yoga Mat,Wholesale,2,24.99,0.1,44.98,23.66,21.32
ORD-00966,2022-07-26,West,Sports,Treadmill,Wholesale,2,499.0,0.1,898.2,598.69,299.51
ORD-00967,2023-06-19,East,Clothing,Jeans,Wholesale,5,49.99,0.1,224.96,142.73,82.23
ORD-00968,2024-05-31,North,Clothing,T-Shirt,Wholesale,5,19.99,0.1,89.95,52.27,37.68
ORD-00969,2023-12-29,North,Home & Kitchen,Coffee Maker,Corporate,5,59.99,0.1,269.95,165.1,104.85
ORD-00970,2022-04-14,West,Sports,Dumbbells,Retail,1,34.99,0.1,31.49,19.85,11.64
ORD-00971,2025-02-25,North,Electronics,Smartphone,Wholesale,1,699.0,0.1,629.1,331.01,298.09
ORD-00972,2025-12-21,West,Sports,Dumbbells,Retail,2,34.99,0.0,69.98,40.09,29.89
ORD-00973,2023-02-18,West,Sports,Dumbbells,Corporate,2,34.99,0.05,66.48,35.07,31.41
ORD-00974,2022-12-17,North,Home & Kitchen,Toaster,Retail,4,29.99,0.0,119.96,65.31,54.65
ORD-00975,2022-11-07,West,Clothing,Jeans,Corporate,4,49.99,0.05,189.96,116.92,73.04
ORD-00976,2025-10-29,East,Electronics,Monitor,Retail,2,279.0,0.2,446.4,318.58,127.82
ORD-00977,2022-06-23,East,Home & Kitchen,Vacuum,Retail,2,129.99,0.05,246.98,119.39,127.59
ORD-00978,2025-09-14,South,Electronics,Tablet,Wholesale,3,329.0,0.2,789.6,547.9,241.7
ORD-00979,2023-10-05,East,Electronics,Headphones,Wholesale,5,149.0,0.1,670.5,413.51,256.99
ORD-00980,2025-08-11,South,Sports,Treadmill,Retail,4,499.0,0.0,1996.0,1161.96,834.04
ORD-00981,2022-03-17,East,Sports,Yoga Mat,Retail,5,24.99,0.1,112.45,61.55,50.9
ORD-00982,2024-11-13,East,Home & Kitchen,Coffee Maker,Corporate,1,59.99,0.0,59.99,35.01,24.98
ORD-00983,2025-04-28,East,Clothing,Jacket,Retail,4,89.99,0.1,323.96,167.95,156.01
ORD-00984,2024-02-03,East,Home & Kitchen,Mixer,Wholesale,1,39.99,0.2,31.99,23.64,8.35
ORD-00985,2023-09-03,North,Sports,Treadmill,Corporate,2,499.0,0.2,798.4,597.15,201.25
ORD-00986,2025-07-09,South,Home & Kitchen,Toaster,Corporate,3,29.99,0.2,71.98,51.08,20.9
ORD-00987,2025-03-19,South,Sports,Resistance Band,Corporate,2,15.99,0.0,31.98,15.96,16.02
ORD-00988,2023-01-30,East,Sports,Dumbbells,Wholesale,2,34.99,0.2,55.98,35.96,20.02
ORD-00989,2022-06-17,North,Electronics,Monitor,Corporate,2,279.0,0.05,530.1,257.63,272.47
ORD-00990,2024-12-13,West,Sports,Treadmill,Corporate,6,499.0,0.05,2844.3,1794.83,1049.47
ORD-00991,2024-09-29,West,Clothing,Jeans,Corporate,4,49.99,0.2,159.97,103.71,56.26
ORD-00992,2024-11-17,North,Clothing,Sneakers,Corporate,4,79.99,0.0,319.96,179.81,140.15
ORD-00993,2024-01-27,North,Sports,Dumbbells,Retail,1,34.99,0.0,34.99,18.75,16.24
ORD-00994,2024-12-06,South,Electronics,Headphones,Retail,4,149.0,0.0,596.0,294.48,301.52
ORD-00995,2022-10-20,South,Sports,Dumbbells,Corporate,3,34.99,0.0,104.97,50.63,54.34
ORD-00996,2024-09-28,North,Electronics,Tablet,Corporate,2,329.0,0.0,658.0,337.31,320.69
ORD-00997,2023-09-27,West,Home & Kitchen,Vacuum,Retail,5,129.99,0.1,584.96,305.43,279.53
ORD-00998,2024-10-30,West,Sports,Water Bottle,Corporate,3,12.99,0.0,38.97,18.06,20.91
ORD-00999,2025-09-22,West,Sports,Yoga Mat,Wholesale,4,24.99,0.1,89.96,59.35,30.61
ORD-01000,2023-07-23,North,Clothing,T-Shirt,Corporate,5,19.99,0.2,79.96,56.91,23.05
ORD-01001,2023-09-25,North,Electronics,Smartphone,Corporate,5,699.0,0.0,3495.0,2074.61,1420.39
ORD-01002,2023-01-23,West,Electronics,Laptop,Corporate,4,899.0,0.0,3596.0,1750.51,1845.49
ORD-01003,2025-04-01,West,Electronics,Tablet,Retail,5,329.0,0.05,1562.75,952.94,609.81
ORD-01004,2023-11-28,West,Clothing,Sneakers,Retail,1,79.99,0.0,79.99,40.58,39.41
ORD-01005,2022-08-23,North,Clothing,Jacket,Retail,2,89.99,0.0,179.98,87.89,92.09
ORD-01006,2022-11-12,East,Sports,Yoga Mat,Retail,1,24.99,0.1,22.49,14.85,7.64
ORD-01007,2022-02-25,North,Home & Kitchen,Vacuum,Wholesale,1,129.99,0.1,116.99,61.27,55.72
ORD-01008,2023-06-13,West,Electronics,Laptop,Corporate,2,899.0,0.0,1798.0,942.06,855.94
ORD-01009,2024-02-28,North,Home & Kitchen,Mixer,Retail,3,39.99,0.05,113.97,63.94,50.03
ORD-01010,2024-09-18,North,Sports,Yoga Mat,Corporate,1,24.99,0.0,24.99,13.32,11.67
ORD-01011,2025-10-14,North,Clothing,Dress,Wholesale,2,59.99,0.1,107.98,64.22,43.76
ORD-01012,2022-06-21,South,Clothing,Jacket,Corporate,5,89.99,0.0,449.95,255.26,194.69
ORD-01013,2024-05-17,West,Electronics,Laptop,Retail,7,899.0,0.2,5034.4,3749.45,1284.95
ORD-01014,2022-05-04,West,Home & Kitchen,Lamp,Corporate,4,24.99,0.05,94.96,59.96,35.0
ORD-01015,2023-03-12,East,Electronics,Smartphone,Corporate,5,699.0,0.0,3495.0,1619.78,1875.22
ORD-01016,2022-09-09,South,Home & Kitchen,Vacuum,Wholesale,2,129.99,0.1,233.98,136.68,97.3
ORD-01017,2025-10-28,East,Home & Kitchen,Vacuum,Wholesale,3,129.99,0.1,350.97,214.23,136.74
ORD-01018,2023-12-01,South,Sports,Resistance Band,Retail,3,15.99,0.0,47.97,28.16,19.81
ORD-01019,2025-08-16,North,Sports,Dumbbells,Corporate,1,34.99,0.2,27.99,16.66,11.33
ORD-01020,2025-11-27,West,Sports,Resistance Band,Corporate,1,15.99,0.2,12.79,8.76,4.03
ORD-01021,2022-03-05,West,Electronics,Headphones,Corporate,5,149.0,0.0,745.0,429.02,315.98
ORD-01022,2022-01-18,North,Sports,Treadmill,Corporate,2,499.0,0.05,948.1,450.5,497.6
ORD-01023,2022-02-10,East,Home & Kitchen,Coffee Maker,Corporate,1,59.99,0.1,53.99,32.62,21.37
ORD-01024,2023-03-29,South,Sports,Treadmill,Corporate,1,499.0,0.0,499.0,261.44,237.56
ORD-01025,2025-12-18,South,Electronics,Smartphone,Wholesale,3,699.0,0.1,1887.3,1122.66,764.64
ORD-01026,2022-12-16,South,Clothing,T-Shirt,Retail,5,19.99,0.0,99.95,56.16,43.79
ORD-01027,2023-06-16,South,Home & Kitchen,Coffee Maker,Corporate,1,59.99,0.2,47.99,33.09,14.9
ORD-01028,2023-06-02,West,Electronics,Monitor,Corporate,1,279.0,0.05,265.05,137.02,128.03
ORD-01029,2024-11-27,West,Sports,Treadmill,Wholesale,7,499.0,0.2,2794.4,1689.5,1104.9
ORD-01030,2024-05-10,West,Home & Kitchen,Mixer,Retail,4,39.99,0.0,159.96,93.1,66.86
ORD-01031,2023-04-08,West,Electronics,Smartphone,Retail,1,699.0,0.2,559.2,380.11,179.09
ORD-01032,2024-09-09,West,Electronics,Tablet,Wholesale,3,329.0,0.1,888.3,479.44,408.86
ORD-01033,2022-04-22,East,Clothing,T-Shirt,Retail,5,19.99,0.1,89.95,51.55,38.4
ORD-01034,2025-07-04,West,Electronics,Laptop,Retail,1,899.0,0.2,719.2,413.32,305.88
ORD-01035,2022-05-07,West,Electronics,Headphones,Retail,5,149.0,0.2,596.0,341.48,254.52
ORD-01036,2023-08-27,West,Sports,Dumbbells,Corporate,7,34.99,0.0,244.93,141.98,102.95
ORD-01037,2025-07-01,North,Sports,Water Bottle,Corporate,4,12.99,0.05,49.36,30.24,19.12
ORD-01038,2022-07-27,East,Electronics,Monitor,Retail,4,279.0,0.0,1116.0,520.28,595.72
ORD-01039,2025-05-03,North,Clothing,Dress,Wholesale,2,59.99,0.2,95.98,63.15,32.83
ORD-01040,2024-05-12,West,Sports,Yoga Mat,Wholesale,1,24.99,0.1,22.49,11.47,11.02
ORD-01041,2025-04-12,West,Home & Kitchen,Toaster,Wholesale,7,29.99,0.1,188.94,99.11,89.83
ORD-01042,2025-05-20,East,Home & Kitchen,Toaster,Corporate,1,29.99,0.1,26.99,16.13,10.86
ORD-01043,2022-10-24,North,Clothing,Dress,Retail,5,59.99,0.0,299.95,153.97,145.98
ORD-01044,2023-02-15,South,Electronics,Headphones,Wholesale,2,149.0,0.2,238.4,165.03,73.37
ORD-01045,2025-05-13,East,Home & Kitchen,Lamp,Retail,3,24.99,0.05,71.22,37.43,33.79
ORD-01046,2024-07-19,North,Sports,Yoga Mat,Retail,1,24.99,0.2,19.99,12.08,7.91
ORD-01047,2024-08-13,South,Clothing,Sneakers,Wholesale,3,79.99,0.2,191.98,121.52,70.46
ORD-01048,2023-01-13,North,Home & Kitchen,Mixer,Retail,1,39.99,0.0,39.99,18.18,21.81
ORD-01049,2022-10-19,East,Sports,Yoga Mat,Retail,5,24.99,0.0,124.95,57.05,67.9
ORD-01050,2023-02-12,South,Home & Kitchen,Coffee Maker,Wholesale,2,59.99,0.1,107.98,66.93,41.05
ORD-01051,2025-02-09,South,Clothing,Jeans,Retail,1,49.99,0.0,49.99,28.82,21.17
ORD-01052,2022-02-12,South,Sports,Dumbbells,Retail,3,34.99,0.0,104.97,52.04,52.93
ORD-01053,2024-01-28,East,Clothing,Dress,Retail,5,59.99,0.05,284.95,174.5,110.45
ORD-01054,2022-08-31,South,Clothing,Jeans,Wholesale,2,49.99,0.1,89.98,50.66,39.32
ORD-01055,2023-10-14,West,Clothing,T-Shirt,Retail,6,19.99,0.1,107.95,59.27,48.68
ORD-01056,2023-11-03,South,Electronics,Headphones,Retail,2,149.0,0.1,268.2,173.7,94.5
ORD-01057,2022-06-16,West,Electronics,Smartphone,Corporate,6,699.0,0.1,3774.6,2122.75,1651.85
ORD-01058,2024-08-08,South,Home & Kitchen,Toaster,Wholesale,5,29.99,0.2,119.96,78.35,41.61
ORD-01059,2024-08-28,East,Sports,Resistance Band,Retail,1,15.99,0.0,15.99,7.72,8.27
ORD-01060,2024-07-14,South,Sports,Yoga Mat,Corporate,3,24.99,0.05,71.22,43.73,27.49
ORD-01061,2022-11-18,East,Home & Kitchen,Lamp,Wholesale,1,24.99,0.1,22.49,14.06,8.43
ORD-01062,2024-06-29,East,Clothing,Dress,Wholesale,1,59.99,0.1,53.99,31.61,22.38
ORD-01063,2024-05-22,West,Sports,Water Bottle,Wholesale,4,12.99,0.1,46.76,25.85,20.91
ORD-01064,2022-02-20,South,Sports,Yoga Mat,Retail,3,24.99,0.2,59.98,34.59,25.39
ORD-01065,2023-08-27,North,Home & Kitchen,Coffee Maker,Retail,1,59.99,0.0,59.99,27.64,32.35
ORD-01066,2025-01-23,South,Home & Kitchen,Coffee Maker,Corporate,3,59.99,0.0,179.97,89.16,90.81
ORD-01067,2023-07-17,South,Clothing,Dress,Wholesale,3,59.99,0.1,161.97,101.78,60.19
ORD-01068,2023-12-11,West,Sports,Resistance Band,Retail,1,15.99,0.1,14.39,9.57,4.82
ORD-01069,2024-03-25,South,Clothing,Jeans,Corporate,4,49.99,0.0,199.96,105.45,94.51
ORD-01070,2024-08-17,West,Home & Kitchen,Mixer,Corporate,4,39.99,0.05,151.96,90.46,61.5
ORD-01071,2024-05-05,South,Sports,Water Bottle,Corporate,5,12.99,0.0,64.95,32.88,32.07
ORD-01072,2022-09-20,East,Electronics,Monitor,Wholesale,3,279.0,0.1,753.3,430.1,323.2
ORD-01073,2025-11-15,East,Home & Kitchen,Lamp,Retail,1,24.99,0.1,22.49,14.19,8.3
ORD-01074,2022-11-11,East,Sports,Water Bottle,Wholesale,2,12.99,0.1,23.38,11.94,11.44
ORD-01075,2023-01-21,West,Electronics,Headphones,Retail,8,149.0,0.0,1192.0,553.07,638.93
ORD-01076,2025-10-14,South,Electronics,Tablet,Wholesale,3,329.0,0.1,888.3,454.44,433.86
ORD-01077,2023-08-05,South,Clothing,Jacket,Wholesale,5,89.99,0.1,404.95,233.16,171.79
ORD-01078,2024-11-27,North,Clothing,Jacket,Retail,4,89.99,0.05,341.96,170.46,171.5
ORD-01079,2022-09-22,West,Sports,Dumbbells,Retail,6,34.99,0.0,209.94,98.56,111.38
ORD-01080,2023-09-27,West,Sports,Yoga Mat,Corporate,6,24.99,0.0,149.94,80.69,69.25
ORD-01081,2025-11-03,West,Home & Kitchen,Coffee Maker,Wholesale,1,59.99,0.1,53.99,27.57,26.42
ORD-01082,2025-05-23,South,Home & Kitchen,Lamp,Retail,4,24.99,0.05,94.96,51.92,43.04
ORD-01083,2022-07-06,East,Sports,Treadmill,Retail,3,499.0,0.05,1422.15,811.31,610.84
ORD-01084,2024-04-30,South,Clothing,Dress,Corporate,4,59.99,0.05,227.96,121.83,106.13
ORD-01085,2023-01-11,North,Sports,Dumbbells,Corporate,2,34.99,0.0,69.98,34.36,35.62
ORD-01086,2025-01-06,East,Electronics,Smartphone,Wholesale,4,699.0,0.1,2516.4,1309.04,1207.36
ORD-01087,2022-06-06,North,Home & Kitchen,Vacuum,Corporate,4,129.99,0.0,519.96,253.7,266.26
ORD-01088,2022-04-02,West,Electronics,Laptop,Retail,4,899.0,0.0,3596.0,1832.17,1763.83
ORD-01089,2023-05-29,North,Clothing,Jacket,Retail,4,89.99,0.05,341.96,186.89,155.07
ORD-01090,2025-01-28,South,Sports,Yoga Mat,Retail,4,24.99,0.0,99.96,57.6,42.36
ORD-01091,2022-02-06,North,Clothing,Jacket,Retail,1,89.99,0.1,80.99,50.5,30.49
ORD-01092,2022-06-08,North,Home & Kitchen,Coffee Maker,Corporate,4,59.99,0.0,239.96,114.39,125.57
ORD-01093,2022-03-12,South,Sports,Dumbbells,Corporate,5,34.99,0.2,139.96,96.11,43.85
ORD-01094,2022-07-30,West,Home & Kitchen,Vacuum,Retail,1,129.99,0.0,129.99,73.56,56.43
ORD-01095,2023-05-27,East,Clothing,Jeans,Retail,1,49.99,0.0,49.99,25.66,24.33
ORD-01096,2023-11-22,South,Electronics,Smartphone,Retail,1,699.0,0.2,559.2,332.15,227.05
ORD-01097,2022-04-01,West,Electronics,Headphones,Wholesale,2,149.0,0.1,268.2,175.86,92.34
ORD-01098,2024-05-26,North,Clothing,Jeans,Retail,1,49.99,0.0,49.99,24.92,25.07
ORD-01099,2024-04-03,East,Electronics,Monitor,Wholesale,2,279.0,0.1,502.2,306.17,196.03
ORD-01100,2025-08-24,East,Electronics,Laptop,Retail,2,899.0,0.1,1618.2,943.84,674.36
ORD-01101,2025-12-30,South,Home & Kitchen,Mixer,Corporate,5,39.99,0.0,199.95,119.41,80.54
ORD-01102,2024-03-06,South,Home & Kitchen,Coffee Maker,Wholesale,3,59.99,0.2,143.98,94.0,49.98
ORD-01103,2022-02-06,West,Sports,Resistance Band,Retail,2,15.99,0.2,25.58,19.13,6.45
ORD-01104,2022-02-13,North,Home & Kitchen,Coffee Maker,Retail,4,59.99,0.0,239.96,130.29,109.67
ORD-01105,2022-10-09,East,Sports,Treadmill,Corporate,2,499.0,0.0,998.0,505.35,492.65
ORD-01106,2022-03-19,South,Sports,Treadmill,Retail,2,499.0,0.0,998.0,496.64,501.36
ORD-01107,2024-12-02,West,Home & Kitchen,Mixer,Retail,2,39.99,0.0,79.98,40.1,39.88
ORD-01108,2025-01-09,North,Clothing,Jeans,Retail,5,49.99,0.05,237.45,132.03,105.42
ORD-01109,2024-06-24,North,Electronics,Monitor,Retail,1,279.0,0.0,279.0,152.1,126.9
ORD-01110,2023-02-23,South,Electronics,Smartphone,Retail,5,699.0,0.0,3495.0,1696.64,1798.36
ORD-01111,2024-05-22,West,Home & Kitchen,Coffee Maker,Wholesale,2,59.99,0.1,107.98,64.89,43.09
ORD-01112,2023-08-08,West,Clothing,Jacket,Retail,3,89.99,0.0,269.97,137.61,132.36
ORD-01113,2024-08-22,West,Sports,Resistance Band,Wholesale,7,15.99,0.1,100.74,64.13,36.61
ORD-01114,2022-02-10,West,Sports,Dumbbells,Retail,3,34.99,0.0,104.97,55.94,49.03
ORD-01115,2023-06-11,West,Sports,Treadmill,Retail,4,499.0,0.1,1796.4,1079.64,716.76
ORD-01116,2023-11-14,South,Sports,Yoga Mat,Corporate,2,24.99,0.0,49.98,22.52,27.46
ORD-01117,2024-02-06,West,Sports,Water Bottle,Wholesale,6,12.99,0.1,70.15,39.56,30.59
ORD-01118,2025-08-05,North,Sports,Dumbbells,Retail,1,34.99,0.05,33.24,20.64,12.6
ORD-01119,2023-02-02,West,Home & Kitchen,Toaster,Corporate,6,29.99,0.2,143.95,99.56,44.39
ORD-01120,2022-04-29,West,Sports,Yoga Mat,Corporate,2,24.99,0.0,49.98,27.22,22.76
ORD-01121,2022-02-27,South,Home & Kitchen,Lamp,Retail,4,24.99,0.2,79.97,47.19,32.78
ORD-01122,2025-05-18,South,Electronics,Laptop,Corporate,1,899.0,0.05,854.05,458.18,395.87
ORD-01123,2022-06-14,South,Sports,Yoga Mat,Corporate,4,24.99,0.0,99.96,55.36,44.6
ORD-01124,2024-12-27,West,Home & Kitchen,Vacuum,Wholesale,1,129.99,0.1,116.99,73.64,43.35
ORD-01125,2022-10-20,East,Clothing,Sneakers,Wholesale,3,79.99,0.1,215.97,143.51,72.46
ORD-01126,2022-01-04,North,Electronics,Monitor,Retail,5,279.0,0.0,1395.0,781.14,613.86
ORD-01127,2022-12-28,East,Clothing,Jeans,Retail,2,49.99,0.05,94.98,47.72,47.26
ORD-01128,2024-07-11,South,Clothing,Jeans,Retail,1,49.99,0.2,39.99,23.87,16.12
ORD-01129,2023-06-16,West,Sports,Resistance Band,Retail,1,15.99,0.0,15.99,7.39,8.6
ORD-01130,2024-02-13,North,Home & Kitchen,Mixer,Wholesale,3,39.99,0.1,107.97,64.53,43.44
ORD-01131,2024-09-20,North,Electronics,Laptop,Retail,3,899.0,0.0,2697.0,1482.81,1214.19
ORD-01132,2022-07-18,South,Electronics,Monitor,Wholesale,5,279.0,0.1,1255.5,822.8,432.7
ORD-01133,2023-11-22,West,Home & Kitchen,Toaster,Corporate,4,29.99,0.0,119.96,70.91,49.05
ORD-01134,2024-03-27,West,Electronics,Headphones,Retail,3,149.0,0.2,357.6,228.09,129.51
ORD-01135,2022-02-22,North,Home & Kitchen,Coffee Maker,Corporate,3,59.99,0.05,170.97,97.68,73.29
ORD-01136,2024-08-31,West,Clothing,T-Shirt,Corporate,2,19.99,0.0,39.98,23.23,16.75
ORD-01137,2023-10-29,West,Clothing,Dress,Wholesale,4,59.99,0.1,215.96,136.56,79.4
ORD-01138,2024-05-26,West,Electronics,Monitor,Corporate,3,279.0,0.1,753.3,486.66,266.64
ORD-01139,2024-10-30,North,Clothing,Sneakers,Corporate,1,79.99,0.0,79.99,45.98,34.01
ORD-01140,2024-08-14,South,Sports,Dumbbells,Retail,4,34.99,0.2,111.97,74.33,37.64
ORD-01141,2023-03-10,South,Electronics,Laptop,Wholesale,5,899.0,0.1,4045.5,2130.79,1914.71
ORD-01142,2024-02-25,East,Clothing,Jacket,Retail,4,89.99,0.2,287.97,168.63,119.34
ORD-01143,2024-12-30,West,Electronics,Headphones,Wholesale,3,149.0,0.1,402.3,205.49,196.81
ORD-01144,2024-02-12,West,Sports,Yoga Mat,Retail,2,24.99,0.0,49.98,23.15,26.83
ORD-01145,2023-11-28,South,Electronics,Tablet,Corporate,2,329.0,0.0,658.0,390.27,267.73
ORD-01146,2022-01-04,East,Electronics,Tablet,Wholesale,4,329.0,0.1,1184.4,785.62,398.78
ORD-01147,2024-01-18,South,Clothing,T-Shirt,Wholesale,4,19.99,0.1,71.96,42.44,29.52
ORD-01148,2023-10-10,South,Home & Kitchen,Coffee Maker,Corporate,4,59.99,0.2,191.97,124.39,67.58
ORD-01149,2023-08-04,South,Electronics,Tablet,Corporate,2,329.0,0.2,526.4,308.29,218.11
ORD-01150,2025-03-21,West,Clothing,Sneakers,Wholesale,4,79.99,0.1,287.96,146.8,141.16
ORD-01151,2022-11-09,South,Clothing,T-Shirt,Wholesale,2,19.99,0.1,35.98,22.35,13.63
ORD-01152,2025-09-12,South,Electronics,Tablet,Wholesale,4,329.0,0.2,1052.8,685.65,367.15
ORD-01153,2024-03-12,West,Electronics,Tablet,Wholesale,4,329.0,0.2,1052.8,761.22,291.58
ORD-01154,2022-07-19,South,Home & Kitchen,Lamp,Corporate,1,24.99,0.2,19.99,12.39,7.6
ORD-01155,2022-12-02,South,Sports,Water Bottle,Corporate,3,12.99,0.0,38.97,18.76,20.21
ORD-01156,2023-02-05,North,Home & Kitchen,Lamp,Retail,1,24.99,0.2,19.99,14.19,5.8
ORD-01157,2024-02-11,West,Clothing,T-Shirt,Retail,1,19.99,0.05,18.99,9.53,9.46
ORD-01158,2022-08-29,East,Sports,Yoga Mat,Retail,4,24.99,0.0,99.96,45.49,54.47
ORD-01159,2024-03-23,West,Home & Kitchen,Lamp,Corporate,2,24.99,0.05,47.48,28.31,19.17
ORD-01160,2025-09-10,North,Sports,Water Bottle,Wholesale,3,12.99,0.2,31.18,21.35,9.83
ORD-01161,2022-01-24,North,Electronics,Laptop,Retail,1,899.0,0.2,719.2,527.06,192.14
ORD-01162,2022-02-17,West,Home & Kitchen,Mixer,Corporate,5,39.99,0.05,189.95,119.97,69.98
ORD-01163,2024-06-07,East,Clothing,T-Shirt,Corporate,3,19.99,0.0,59.97,33.41,26.56
ORD-01164,2023-01-14,West,Electronics,Monitor,Corporate,8,279.0,0.1,2008.8,1167.97,840.83
ORD-01165,2025-04-12,North,Clothing,T-Shirt,Retail,2,19.99,0.1,35.98,22.16,13.82
ORD-01166,2025-02-10,West,Home & Kitchen,Mixer,Retail,1,39.99,0.0,39.99,21.91,18.08
ORD-01167,2025-02-25,East,Electronics,Laptop,Retail,1,899.0,0.0,899.0,534.85,364.15
ORD-01168,2024-05-16,North,Clothing,Jacket,Wholesale,1,89.99,0.1,80.99,52.71,28.28
ORD-01169,2025-09-11,West,Clothing,Dress,Wholesale,5,59.99,0.1,269.95,175.96,93.99
ORD-01170,2025-05-26,South,Electronics,Laptop,Retail,1,899.0,0.0,899.0,444.97,454.03
ORD-01171,2022-10-02,South,Home & Kitchen,Toaster,Retail,2,29.99,0.2,47.98,32.59,15.39
ORD-01172,2025-01-31,East,Home & Kitchen,Vacuum,Wholesale,2,129.99,0.1,233.98,134.78,99.2
ORD-01173,2025-10-17,West,Clothing,Dress,Corporate,1,59.99,0.2,47.99,29.42,18.57
ORD-01174,2025-11-28,South,Home & Kitchen,Lamp,Retail,5,24.99,0.1,112.45,59.3,53.15
ORD-01175,2023-10-10,West,Sports,Dumbbells,Retail,5,34.99,0.0,174.95,82.0,92.95
ORD-01176,2025-11-01,West,Electronics,Headphones,Retail,1,149.0,0.0,149.0,70.32,78.68
ORD-01177,2023-07-15,North,Electronics,Monitor,Retail,2,279.0,0.0,558.0,316.61,241.39
ORD-01178,2022-12-26,East,Sports,Dumbbells,Wholesale,5,34.99,0.1,157.46,97.11,60.35
ORD-01179,2025-02-03,East,Electronics,Laptop,Corporate,1,899.0,0.05,854.05,428.91,425.14
ORD-01180,2025-10-20,West,Sports,Resistance Band,Retail,2,15.99,0.2,25.58,16.85,8.73
ORD-01181,2025-09-08,South,Clothing,Sneakers,Corporate,5,79.99,0.2,319.96,196.02,123.94
ORD-01182,2025-08-02,East,Clothing,Dress,Wholesale,4,59.99,0.2,191.97,124.46,67.51
ORD-01183,2023-12-26,West,Home & Kitchen,Toaster,Retail,5,29.99,0.2,119.96,87.3,32.66
ORD-01184,2023-09-18,North,Home & Kitchen,Vacuum,Retail,3,129.99,0.0,389.97,212.61,177.36
ORD-01185,2023-05-07,North,Clothing,Dress,Corporate,1,59.99,0.0,59.99,33.69,26.3
ORD-01186,2024-10-06,North,Sports,Resistance Band,Corporate,2,15.99,0.05,30.38,16.78,13.6
ORD-01187,2025-10-18,North,Sports,Dumbbells,Corporate,5,34.99,0.0,174.95,102.63,72.32
ORD-01188,2022-01-15,West,Home & Kitchen,Coffee Maker,Retail,6,59.99,0.0,359.94,194.77,165.17
ORD-01189,2025-10-13,South,Clothing,T-Shirt,Retail,3,19.99,0.0,59.97,31.61,28.36
ORD-01190,2024-05-15,West,Sports,Yoga Mat,Retail,4,24.99,0.0,99.96,58.69,41.27
ORD-01191,2025-01-09,North,Home & Kitchen,Toaster,Retail,4,29.99,0.0,119.96,58.75,61.21
ORD-01192,2025-07-16,West,Clothing,Jacket,Corporate,7,89.99,0.0,629.93,371.86,258.07
ORD-01193,2024-09-26,North,Home & Kitchen,Mixer,Wholesale,5,39.99,0.1,179.96,99.83,80.13
ORD-01194,2022-08-08,North,Home & Kitchen,Coffee Maker,Wholesale,4,59.99,0.1,215.96,108.3,107.66
ORD-01195,2024-10-04,South,Electronics,Tablet,Wholesale,6,329.0,0.1,1776.6,924.97,851.63
ORD-01196,2022-01-15,South,Home & Kitchen,Coffee Maker,Wholesale,4,59.99,0.1,215.96,121.45,94.51
ORD-01197,2024-05-27,South,Home & Kitchen,Mixer,Retail,4,39.99,0.2,127.97,92.12,35.85
ORD-01198,2022-10-14,East,Sports,Dumbbells,Retail,3,34.99,0.2,83.98,50.36,33.62
ORD-01199,2023-08-07,North,Clothing,Sneakers,Retail,4,79.99,0.2,255.97,159.88,96.09
ORD-01200,2022-11-25,South,Sports,Treadmill,Wholesale,1,499.0,0.1,449.1,261.16,187.94
ORD-01201,2025-10-28,South,Home & Kitchen,Vacuum,Wholesale,5,129.99,0.2,519.96,382.52,137.44
ORD-01202,2022-09-27,North,Electronics,Laptop,Corporate,1,899.0,0.1,809.1,406.39,402.71
ORD-01203,2023-04-30,North,Home & Kitchen,Vacuum,Wholesale,5,129.99,0.2,519.96,293.26,226.7
ORD-01204,2023-08-16,East,Sports,Dumbbells,Corporate,4,34.99,0.0,139.96,75.95,64.01
ORD-01205,2024-11-13,South,Clothing,Jacket,Retail,1,89.99,0.0,89.99,53.92,36.07
ORD-01206,2025-09-26,West,Clothing,Sneakers,Retail,1,79.99,0.1,71.99,43.33,28.66
ORD-01207,2025-04-25,South,Clothing,T-Shirt,Retail,2,19.99,0.05,37.98,18.22,19.76
ORD-01208,2022-10-27,West,Electronics,Tablet,Corporate,1,329.0,0.05,312.55,173.96,138.59
ORD-01209,2025-07-21,South,Clothing,Jacket,Wholesale,4,89.99,0.1,323.96,165.29,158.67
ORD-01210,2025-08-11,North,Home & Kitchen,Mixer,Wholesale,3,39.99,0.1,107.97,59.04,48.93
ORD-01211,2025-12-28,West,Clothing,Jacket,Corporate,1,89.99,0.0,89.99,41.2,48.79
ORD-01212,2023-10-21,South,Home & Kitchen,Vacuum,Retail,3,129.99,0.1,350.97,181.38,169.59
ORD-01213,2023-06-01,West,Home & Kitchen,Toaster,Corporate,2,29.99,0.2,47.98,27.11,20.87
ORD-01214,2022-09-24,East,Home & Kitchen,Toaster,Retail,5,29.99,0.1,134.95,81.08,53.87
ORD-01215,2025-08-24,East,Clothing,Dress,Retail,4,59.99,0.0,239.96,139.92,100.04
ORD-01216,2025-07-13,North,Electronics,Tablet,Retail,1,329.0,0.05,312.55,193.72,118.83
ORD-01217,2025-01-24,East,Home & Kitchen,Vacuum,Retail,2,129.99,0.1,233.98,145.1,88.88
ORD-01218,2022-09-19,South,Sports,Resistance Band,Wholesale,3,15.99,0.1,43.17,28.6,14.57
ORD-01219,2024-07-07,North,Sports,Dumbbells,Corporate,4,34.99,0.05,132.96,73.98,58.98
ORD-01220,2022-02-14,South,Home & Kitchen,Coffee Maker,Retail,3,59.99,0.0,179.97,106.79,73.18
ORD-01221,2025-11-21,South,Sports,Water Bottle,Retail,5,12.99,0.1,58.46,38.69,19.77
ORD-01222,2024-06-15,West,Sports,Water Bottle,Corporate,5,12.99,0.0,64.95,29.26,35.69
ORD-01223,2023-03-23,North,Sports,Resistance Band,Retail,5,15.99,0.0,79.95,39.62,40.33
ORD-01224,2023-08-30,East,Electronics,Smartphone,Corporate,1,699.0,0.0,699.0,345.15,353.85
ORD-01225,2022-10-31,East,Clothing,Jacket,Retail,1,89.99,0.2,71.99,53.72,18.27
ORD-01226,2024-12-30,North,Electronics,Headphones,Corporate,6,149.0,0.0,894.0,413.46,480.54
ORD-01227,2025-01-29,East,Clothing,Sneakers,Retail,5,79.99,0.0,399.95,199.45,200.5
ORD-01228,2025-07-05,North,Home & Kitchen,Coffee Maker,Retail,3,59.99,0.0,179.97,87.9,92.07
ORD-01229,2025-01-05,North,Sports,Treadmill,Wholesale,5,499.0,0.1,2245.5,1199.91,1045.59
ORD-01230,2023-03-28,East,Home & Kitchen,Coffee Maker,Wholesale,5,59.99,0.2,239.96,171.32,68.64
ORD-01231,2022-11-15,West,Clothing,Sneakers,Retail,3,79.99,0.05,227.97,111.36,116.61
ORD-01232,2024-07-29,South,Clothing,Jeans,Retail,5,49.99,0.05,237.45,147.85,89.6
ORD-01233,2025-08-19,East,Electronics,Headphones,Retail,2,149.0,0.05,283.1,164.83,118.27
ORD-01234,2022-05-23,South,Electronics,Monitor,Retail,2,279.0,0.2,446.4,332.32,114.08
ORD-01235,2024-12-14,South,Electronics,Tablet,Retail,1,329.0,0.0,329.0,153.48,175.52
ORD-01236,2025-08-12,North,Clothing,Jeans,Corporate,1,49.99,0.0,49.99,23.57,26.42
ORD-01237,2025-05-13,North,Electronics,Laptop,Retail,6,899.0,0.0,5394.0,3117.24,2276.76
ORD-01238,2023-02-19,South,Sports,Resistance Band,Wholesale,4,15.99,0.1,57.56,31.73,25.83
ORD-01239,2022-11-13,South,Electronics,Tablet,Retail,3,329.0,0.0,987.0,447.29,539.71
ORD-01240,2022-07-30,East,Electronics,Tablet,Wholesale,3,329.0,0.1,888.3,447.7,440.6
ORD-01241,2024-02-29,South,Home & Kitchen,Toaster,Corporate,2,29.99,0.2,47.98,30.45,17.53
ORD-01242,2022-08-19,West,Clothing,T-Shirt,Corporate,1,19.99,0.0,19.99,10.07,9.92
ORD-01243,2023-11-15,North,Home & Kitchen,Mixer,Wholesale,1,39.99,0.1,35.99,18.9,17.09
ORD-01244,2024-12-22,East,Clothing,Sneakers,Corporate,2,79.99,0.2,127.98,88.48,39.5
ORD-01245,2023-08-11,East,Electronics,Headphones,Corporate,4,149.0,0.0,596.0,340.68,255.32
ORD-01246,2022-06-06,North,Clothing,Jeans,Corporate,3,49.99,0.0,149.97,76.27,73.7
ORD-01247,2024-09-06,North,Electronics,Tablet,Wholesale,5,329.0,0.1,1480.5,775.95,704.55
ORD-01248,2022-09-19,South,Sports,Treadmill,Corporate,3,499.0,0.05,1422.15,768.82,653.33
ORD-01249,2024-04-27,East,Clothing,Jeans,Corporate,4,49.99,0.05,189.96,106.46,83.5
ORD-01250,2024-12-29,West,Clothing,Sneakers,Corporate,1,79.99,0.05,75.99,42.32,33.67
ORD-01251,2023-03-26,North,Clothing,Jacket,Retail,1,89.99,0.0,89.99,53.91,36.08
ORD-01252,2024-01-13,West,Clothing,T-Shirt,Retail,1,19.99,0.0,19.99,11.54,8.45
ORD-01253,2023-08-27,West,Clothing,Dress,Retail,4,59.99,0.0,239.96,109.99,129.97
ORD-01254,2022-08-29,South,Sports,Dumbbells,Retail,4,34.99,0.0,139.96,64.12,75.84
ORD-01255,2025-09-19,North,Sports,Resistance Band,Retail,2,15.99,0.0,31.98,15.1,16.88
ORD-01256,2022-06-11,South,Electronics,Laptop,Retail,6,899.0,0.05,5124.3,2548.44,2575.86
ORD-01257,2024-08-20,South,Home & Kitchen,Vacuum,Corporate,4,129.99,0.2,415.97,260.29,155.68
ORD-01258,2025-11-24,North,Home & Kitchen,Mixer,Retail,2,39.99,0.0,79.98,46.56,33.42
ORD-01259,2025-05-22,South,Clothing,T-Shirt,Wholesale,4,19.99,0.1,71.96,44.14,27.82
ORD-01260,2025-02-08,East,Home & Kitchen,Coffee Maker,Retail,4,59.99,0.0,239.96,117.77,122.19
ORD-01261,2024-12-04,West,Clothing,Jeans,Corporate,5,49.99,0.0,249.95,127.19,122.76
ORD-01262,2025-02-19,North,Sports,Water Bottle,Wholesale,3,12.99,0.2,31.18,21.29,9.89
ORD-01263,2022-12-04,North,Home & Kitchen,Vacuum,Retail,2,129.99,0.0,259.98,121.22,138.76
ORD-01264,2024-01-13,East,Electronics,Smartphone,Corporate,2,699.0,0.0,1398.0,642.8,755.2
ORD-01265,2022-01-23,East,Clothing,Dress,Retail,2,59.99,0.2,95.98,70.71,25.27
ORD-01266,2023-07-06,North,Electronics,Tablet,Wholesale,3,329.0,0.1,888.3,457.95,430.35
ORD-01267,2022-01-18,East,Home & Kitchen,Vacuum,Wholesale,5,129.99,0.1,584.96,323.14,261.82
ORD-01268,2023-12-30,South,Electronics,Headphones,Retail,5,149.0,0.1,670.5,346.54,323.96
ORD-01269,2022-02-18,West,Sports,Resistance Band,Retail,1,15.99,0.0,15.99,8.83,7.16
ORD-01270,2025-07-05,North,Clothing,Jeans,Corporate,2,49.99,0.2,79.98,47.41,32.57
ORD-01271,2024-11-23,East,Sports,Yoga Mat,Wholesale,3,24.99,0.1,67.47,37.79,29.68
ORD-01272,2022-03-23,West,Clothing,Jeans,Wholesale,6,49.99,0.1,269.95,160.48,109.47
ORD-01273,2022-07-19,North,Clothing,Jacket,Wholesale,5,89.99,0.1,404.95,236.15,168.8
ORD-01274,2023-10-05,South,Home & Kitchen,Coffee Maker,Wholesale,1,59.99,0.1,53.99,32.18,21.81
ORD-01275,2022-07-02,North,Clothing,Sneakers,Wholesale,3,79.99,0.1,215.97,143.21,72.76
ORD-01276,2025-08-24,South,Electronics,Tablet,Corporate,3,329.0,0.0,987.0,503.51,483.49
ORD-01277,2025-10-25,South,Sports,Treadmill,Wholesale,5,499.0,0.1,2245.5,1479.05,766.45
ORD-01278,2022-06-20,West,Sports,Treadmill,Retail,1,499.0,0.2,399.2,228.82,170.38
ORD-01279,2025-12-04,North,Clothing,T-Shirt,Wholesale,3,19.99,0.1,53.97,28.41,25.56
ORD-01280,2022-05-30,South,Sports,Water Bottle,Corporate,1,12.99,0.0,12.99,6.75,6.24
ORD-01281,2024-12-31,West,Electronics,Laptop,Retail,2,899.0,0.05,1708.1,1016.29,691.81
ORD-01282,2024-04-02,East,Electronics,Headphones,Corporate,4,149.0,0.05,566.2,287.21,278.99
ORD-01283,2024-09-02,North,Home & Kitchen,Vacuum,Wholesale,1,129.99,0.1,116.99,61.53,55.46
ORD-01284,2022-10-26,South,Home & Kitchen,Lamp,Retail,1,24.99,0.1,22.49,14.15,8.34
ORD-01285,2024-01-11,West,Sports,Yoga Mat,Corporate,1,24.99,0.0,24.99,14.82,10.17
ORD-01286,2024-05-16,East,Home & Kitchen,Coffee Maker,Wholesale,1,59.99,0.1,53.99,27.62,26.37
ORD-01287,2022-06-17,East,Sports,Water Bottle,Wholesale,5,12.99,0.1,58.46,35.75,22.71
ORD-01288,2023-01-12,North,Electronics,Monitor,Wholesale,4,279.0,0.1,1004.4,529.74,474.66
ORD-01289,2024-05-08,West,Sports,Resistance Band,Corporate,3,15.99,0.05,45.57,24.14,21.43
ORD-01290,2025-03-14,West,Electronics,Tablet,Wholesale,6,329.0,0.1,1776.6,1070.85,705.75
ORD-01291,2025-09-22,East,Electronics,Smartphone,Retail,5,699.0,0.05,3320.25,2025.86,1294.39
ORD-01292,2025-10-12,West,Home & Kitchen,Lamp,Corporate,1,24.99,0.0,24.99,13.62,11.37
ORD-01293,2025-03-30,North,Electronics,Smartphone,Corporate,2,699.0,0.1,1258.2,791.49,466.71
ORD-01294,2024-02-13,South,Home & Kitchen,Coffee Maker,Retail,2,59.99,0.2,95.98,64.37,31.61
ORD-01295,2024-01-29,East,Electronics,Headphones,Corporate,3,149.0,0.0,447.0,248.04,198.96
ORD-01296,2024-07-22,West,Sports,Treadmill,Wholesale,4,499.0,0.1,1796.4,1054.84,741.56
ORD-01297,2022-08-21,South,Sports,Water Bottle,Retail,3,12.99,0.0,38.97,20.77,18.2
ORD-01298,2025-01-16,West,Sports,Treadmill,Retail,5,499.0,0.2,1996.0,1354.93,641.07
ORD-01299,2022-06-29,North,Electronics,Laptop,Corporate,6,899.0,0.0,5394.0,2828.94,2565.06
ORD-01300,2025-01-20,North,Sports,Resistance Band,Wholesale,5,15.99,0.1,71.95,43.99,27.96
ORD-01301,2023-03-10,South,Sports,Resistance Band,Wholesale,4,15.99,0.1,57.56,30.66,26.9
ORD-01302,2022-09-12,East,Sports,Water Bottle,Retail,4,12.99,0.0,51.96,30.71,21.25
ORD-01303,2024-11-05,East,Home & Kitchen,Toaster,Retail,3,29.99,0.05,85.47,49.57,35.9
ORD-01304,2024-04-29,North,Electronics,Laptop,Corporate,2,899.0,0.1,1618.2,1030.26,587.94
ORD-01305,2023-10-13,East,Clothing,Dress,Wholesale,4,59.99,0.1,215.96,127.99,87.97
ORD-01306,2023-01-30,West,Electronics,Tablet,Wholesale,3,329.0,0.2,789.6,469.87,319.73
ORD-01307,2024-11-25,South,Sports,Yoga Mat,Corporate,1,24.99,0.2,19.99,14.25,5.74
ORD-01308,2022-08-31,West,Home & Kitchen,Lamp,Retail,3,24.99,0.0,74.97,34.79,40.18
ORD-01309,2024-06-14,North,Clothing,T-Shirt,Retail,5,19.99,0.2,79.96,53.13,26.83
ORD-01310,2025-03-17,West,Electronics,Smartphone,Retail,6,699.0,0.0,4194.0,2038.11,2155.89
ORD-01311,2023-09-01,South,Clothing,Sneakers,Retail,3,79.99,0.2,191.98,109.85,82.13
ORD-01312,2022-10-22,North,Electronics,Laptop,Wholesale,5,899.0,0.1,4045.5,2094.95,1950.55
ORD-01313,2023-06-21,South,Electronics,Laptop,Wholesale,5,899.0,0.1,4045.5,2286.25,1759.25
ORD-01314,2022-02-14,West,Electronics,Monitor,Wholesale,1,279.0,0.1,251.1,152.06,99.04
ORD-01315,2022-11-26,South,Home & Kitchen,Mixer,Corporate,2,39.99,0.2,63.98,42.8,21.18
ORD-01316,2022-03-06,North,Home & Kitchen,Toaster,Retail,4,29.99,0.1,107.96,64.78,43.18
ORD-01317,2022-11-21,East,Electronics,Smartphone,Retail,4,699.0,0.0,2796.0,1475.45,1320.55
ORD-01318,2023-03-19,East,Electronics,Smartphone,Corporate,1,699.0,0.0,699.0,323.3,375.7
ORD-01319,2022-09-17,East,Home & Kitchen,Vacuum,Corporate,2,129.99,0.0,259.98,130.58,129.4
ORD-01320,2025-08-28,East,Sports,Water Bottle,Retail,4,12.99,0.1,46.76,30.76,16.0
ORD-01321,2023-05-28,South,Clothing,Jacket,Corporate,4,89.99,0.0,359.96,193.5,166.46
ORD-01322,2023-10-01,South,Clothing,Sneakers,Corporate,4,79.99,0.05,303.96,164.32,139.64
ORD-01323,2023-07-11,East,Electronics,Tablet,Corporate,4,329.0,0.1,1184.4,661.87,522.53
ORD-01324,2022-05-12,West,Clothing,T-Shirt,Corporate,5,19.99,0.05,94.95,49.38,45.57
ORD-01325,2024-12-22,East,Sports,Dumbbells,Wholesale,1,34.99,0.1,31.49,19.99,11.5
ORD-01326,2023-01-16,East,Clothing,T-Shirt,Retail,2,19.99,0.2,31.98,20.22,11.76
ORD-01327,2023-10-06,North,Electronics,Headphones,Wholesale,1,149.0,0.1,134.1,77.45,56.65
ORD-01328,2023-04-22,North,Sports,Treadmill,Retail,5,499.0,0.0,2495.0,1320.08,1174.92
ORD-01329,2025-02-22,East,Electronics,Tablet,Wholesale,4,329.0,0.1,1184.4,654.93,529.47
ORD-01330,2023-02-10,South,Electronics,Monitor,Retail,3,279.0,0.0,837.0,429.54,407.46
ORD-01331,2024-07-16,South,Home & Kitchen,Lamp,Wholesale,4,24.99,0.1,89.96,53.62,36.34
ORD-01332,2022-02-06,North,Sports,Treadmill,Corporate,2,499.0,0.05,948.1,454.64,493.46
ORD-01333,2024-12-16,North,Home & Kitchen,Mixer,Wholesale,1,39.99,0.1,35.99,18.57,17.42
ORD-01334,2023-09-09,East,Home & Kitchen,Toaster,Wholesale,4,29.99,0.1,107.96,63.99,43.97
ORD-01335,2024-10-08,North,Sports,Treadmill,Retail,4,499.0,0.05,1896.2,1152.29,743.91
ORD-01336,2024-02-05,North,Electronics,Smartphone,Wholesale,1,699.0,0.1,629.1,325.57,303.53
ORD-01337,2025-11-09,West,Clothing,Jeans,Corporate,1,49.99,0.0,49.99,28.62,21.37
ORD-01338,2022-01-11,North,Home & Kitchen,Mixer,Retail,1,39.99,0.0,39.99,23.68,16.31
ORD-01339,2023-06-25,East,Sports,Treadmill,Retail,2,499.0,0.0,998.0,536.44,461.56
ORD-01340,2022-09-16,East,Clothing,Dress,Retail,4,59.99,0.2,191.97,124.06,67.91
ORD-01341,2024-12-04,South,Sports,Water Bottle,Wholesale,3,12.99,0.1,35.07,22.05,13.02
ORD-01342,2023-04-08,North,Home & Kitchen,Toaster,Retail,1,29.99,0.0,29.99,16.01,13.98
ORD-01343,2025-09-12,South,Electronics,Laptop,Wholesale,3,899.0,0.1,2427.3,1484.9,942.4
ORD-01344,2024-02-28,South,Sports,Dumbbells,Corporate,3,34.99,0.0,104.97,60.05,44.92
ORD-01345,2024-11-18,East,Home & Kitchen,Vacuum,Retail,2,129.99,0.1,233.98,121.11,112.87
ORD-01346,2023-03-25,East,Sports,Water Bottle,Wholesale,5,12.99,0.1,58.46,31.21,27.25
ORD-01347,2023-01-20,North,Home & Kitchen,Vacuum,Corporate,2,129.99,0.2,207.98,128.97,79.01
ORD-01348,2025-08-20,North,Clothing,Sneakers,Retail,1,79.99,0.2,63.99,37.32,26.67
ORD-01349,2024-08-01,South,Home & Kitchen,Mixer,Wholesale,4,39.99,0.2,127.97,84.72,43.25
ORD-01350,2023-06-28,North,Electronics,Headphones,Corporate,3,149.0,0.05,424.65,234.82,189.83
ORD-01351,2023-11-15,North,Sports,Treadmill,Wholesale,3,499.0,0.1,1347.3,684.68,662.62
ORD-01352,2024-05-15,South,Home & Kitchen,Coffee Maker,Corporate,4,59.99,0.0,239.96,129.36,110.6
ORD-01353,2025-05-29,West,Sports,Dumbbells,Retail,1,34.99,0.0,34.99,16.9,18.09
ORD-01354,2022-03-15,East,Clothing,T-Shirt,Corporate,5,19.99,0.0,99.95,49.11,50.84
ORD-01355,2025-12-03,West,Sports,Water Bottle,Retail,1,12.99,0.2,10.39,6.37,4.02
ORD-01356,2022-12-17,South,Home & Kitchen,Toaster,Retail,5,29.99,0.0,149.95,83.98,65.97
ORD-01357,2023-01-15,West,Home & Kitchen,Coffee Maker,Wholesale,2,59.99,0.1,107.98,56.99,50.99
ORD-01358,2024-07-21,South,Electronics,Monitor,Retail,4,279.0,0.0,1116.0,665.31,450.69
ORD-01359,2022-12-16,North,Home & Kitchen,Vacuum,Retail,5,129.99,0.0,649.95,340.08,309.87
ORD-01360,2024-08-25,North,Electronics,Laptop,Corporate,6,899.0,0.0,5394.0,3103.19,2290.81
ORD-01361,2024-10-27,South,Clothing,T-Shirt,Wholesale,1,19.99,0.1,17.99,11.41,6.58
ORD-01362,2024-07-15,West,Home & Kitchen,Lamp,Retail,4,24.99,0.0,99.96,50.44,49.52
ORD-01363,2023-12-24,East,Home & Kitchen,Lamp,Corporate,5,24.99,0.05,118.7,58.34,60.36
ORD-01364,2024-11-29,North,Clothing,Sneakers,Wholesale,2,79.99,0.2,127.98,95.85,32.13
ORD-01365,2024-10-16,North,Clothing,Dress,Retail,4,59.99,0.0,239.96,115.41,124.55
ORD-01366,2023-02-01,West,Electronics,Headphones,Corporate,7,149.0,0.1,938.7,496.72,441.98
ORD-01367,2023-12-16,East,Sports,Resistance Band,Retail,4,15.99,0.0,63.96,31.75,32.21
ORD-01368,2025-04-01,East,Electronics,Monitor,Retail,4,279.0,0.0,1116.0,550.48,565.52
ORD-01369,2024-10-18,South,Sports,Yoga Mat,Corporate,5,24.99,0.0,124.95,67.92,57.03
ORD-01370,2022-11-30,East,Sports,Treadmill,Retail,1,499.0,0.0,499.0,225.72,273.28
ORD-01371,2023-03-22,East,Electronics,Laptop,Retail,3,899.0,0.05,2562.15,1356.15,1206.0
ORD-01372,2022-04-13,East,Clothing,Jacket,Corporate,3,89.99,0.1,242.97,148.43,94.54
ORD-01373,2022-11-14,North,Home & Kitchen,Coffee Maker,Retail,2,59.99,0.05,113.98,64.52,49.46
ORD-01374,2023-08-19,South,Electronics,Monitor,Wholesale,2,279.0,0.2,446.4,304.42,141.98
ORD-01375,2024-03-28,North,Home & Kitchen,Toaster,Wholesale,5,29.99,0.1,134.95,71.38,63.57
ORD-01376,2025-10-22,East,Clothing,Jeans,Retail,3,49.99,0.0,149.97,76.85,73.12
ORD-01377,2023-09-09,East,Electronics,Headphones,Wholesale,6,149.0,0.1,804.6,475.5,329.1
ORD-01378,2024-06-13,North,Clothing,Dress,Corporate,4,59.99,0.2,191.97,119.26,72.71
ORD-01379,2025-12-30,East,Sports,Treadmill,Wholesale,4,499.0,0.1,1796.4,1024.1,772.3
ORD-01380,2024-08-02,North,Electronics,Monitor,Retail,1,279.0,0.1,251.1,163.5,87.6
ORD-01381,2025-04-03,East,Clothing,Dress,Retail,5,59.99,0.1,269.95,174.47,95.48
ORD-01382,2024-03-15,South,Sports,Dumbbells,Retail,4,34.99,0.1,125.96,72.64,53.32
ORD-01383,2022-06-23,North,Home & Kitchen,Mixer,Wholesale,3,39.99,0.1,107.97,55.74,52.23
ORD-01384,2025-03-04,West,Home & Kitchen,Mixer,Corporate,1,39.99,0.2,31.99,21.06,10.93
ORD-01385,2022-04-19,South,Clothing,Dress,Corporate,4,59.99,0.0,239.96,116.03,123.93
ORD-01386,2025-08-03,South,Home & Kitchen,Toaster,Retail,1,29.99,0.05,28.49,16.3,12.19
ORD-01387,2022-08-23,North,Electronics,Smartphone,Retail,6,699.0,0.1,3774.6,1948.24,1826.36
ORD-01388,2022-08-01,West,Electronics,Tablet,Retail,5,329.0,0.0,1645.0,840.07,804.93
ORD-01389,2023-04-27,East,Sports,Resistance Band,Retail,1,15.99,0.05,15.19,7.55,7.64
ORD-01390,2023-01-14,South,Clothing,Jeans,Retail,5,49.99,0.2,199.96,138.71,61.25
ORD-01391,2024-09-02,West,Home & Kitchen,Toaster,Wholesale,1,29.99,0.1,26.99,15.15,11.84
ORD-01392,2024-03-12,West,Electronics,Monitor,Corporate,4,279.0,0.0,1116.0,578.72,537.28
ORD-01393,2024-03-08,North,Home & Kitchen,Mixer,Wholesale,5,39.99,0.1,179.96,91.26,88.7
ORD-01394,2022-10-13,West,Sports,Treadmill,Corporate,1,499.0,0.0,499.0,262.02,236.98
ORD-01395,2023-03-08,East,Sports,Resistance Band,Wholesale,1,15.99,0.1,14.39,8.77,5.62
ORD-01396,2025-09-05,East,Sports,Yoga Mat,Wholesale,3,24.99,0.2,59.98,37.14,22.84
ORD-01397,2022-05-20,West,Sports,Water Bottle,Corporate,6,12.99,0.1,70.15,43.36,26.79
ORD-01398,2025-09-11,East,Clothing,Jacket,Corporate,5,89.99,0.1,404.95,225.97,178.98
ORD-01399,2024-04-06,North,Electronics,Laptop,Corporate,1,899.0,0.2,719.2,418.87,300.33
ORD-01400,2024-09-02,East,Clothing,Jeans,Wholesale,1,49.99,0.1,44.99,27.96,17.03
ORD-01401,2024-05-10,North,Electronics,Tablet,Wholesale,2,329.0,0.2,526.4,303.29,223.11
ORD-01402,2025-05-27,North,Clothing,Jacket,Retail,1,89.99,0.2,71.99,46.56,25.43
ORD-01403,2025-07-29,South,Clothing,Jacket,Retail,4,89.99,0.05,341.96,198.64,143.32
ORD-01404,2023-02-17,South,Sports,Resistance Band,Corporate,2,15.99,0.0,31.98,17.18,14.8
ORD-01405,2025-10-01,North,Clothing,T-Shirt,Wholesale,2,19.99,0.1,35.98,20.15,15.83
ORD-01406,2025-03-09,North,Home & Kitchen,Coffee Maker,Retail,5,59.99,0.05,284.95,143.53,141.42
ORD-01407,2025-03-14,West,Home & Kitchen,Toaster,Wholesale,7,29.99,0.1,188.94,119.71,69.23
ORD-01408,2024-05-25,West,Electronics,Tablet,Retail,1,329.0,0.0,329.0,153.87,175.13
ORD-01409,2022-04-16,East,Electronics,Smartphone,Wholesale,4,699.0,0.1,2516.4,1421.94,1094.46
ORD-01410,2022-05-20,South,Home & Kitchen,Mixer,Corporate,5,39.99,0.1,179.96,97.22,82.74
ORD-01411,2025-06-05,East,Sports,Resistance Band,Retail,1,15.99,0.1,14.39,8.87,5.52
ORD-01412,2025-04-08,West,Home & Kitchen,Mixer,Retail,1,39.99,0.0,39.99,19.2,20.79
ORD-01413,2022-10-13,South,Home & Kitchen,Mixer,Corporate,2,39.99,0.05,75.98,36.87,39.11
ORD-01414,2025-06-03,North,Home & Kitchen,Mixer,Retail,4,39.99,0.1,143.96,89.72,54.24
ORD-01415,2025-02-03,West,Clothing,Jacket,Corporate,1,89.99,0.05,85.49,47.35,38.14
ORD-01416,2023-12-19,West,Sports,Treadmill,Retail,1,499.0,0.0,499.0,226.52,272.48
ORD-01417,2024-12-30,West,Electronics,Tablet,Corporate,3,329.0,0.2,789.6,462.69,326.91
ORD-01418,2024-05-24,South,Electronics,Monitor,Wholesale,1,279.0,0.1,251.1,140.27,110.83
ORD-01419,2024-06-13,North,Clothing,Jeans,Wholesale,1,49.99,0.1,44.99,22.57,22.42
ORD-01420,2025-01-03,North,Electronics,Smartphone,Wholesale,1,699.0,0.1,629.1,360.53,268.57
ORD-01421,2022-03-31,East,Home & Kitchen,Lamp,Wholesale,2,24.99,0.1,44.98,23.46,21.52
ORD-01422,2024-09-07,North,Electronics,Laptop,Corporate,4,899.0,0.0,3596.0,1885.16,1710.84
ORD-01423,2024-01-02,South,Sports,Treadmill,Corporate,3,499.0,0.1,1347.3,739.37,607.93
ORD-01424,2023-05-16,East,Home & Kitchen,Lamp,Wholesale,5,24.99,0.1,112.45,57.24,55.21
ORD-01425,2025-12-15,West,Home & Kitchen,Mixer,Corporate,3,39.99,0.1,107.97,58.14,49.83
ORD-01426,2025-02-06,South,Electronics,Headphones,Corporate,1,149.0,0.0,149.0,82.66,66.34
ORD-01427,2024-07-18,North,Electronics,Monitor,Retail,1,279.0,0.1,251.1,141.63,109.47
ORD-01428,2022-05-03,East,Sports,Water Bottle,Retail,1,12.99,0.05,12.34,6.6,5.74
ORD-01429,2023-04-05,South,Sports,Yoga Mat,Wholesale,4,24.99,0.1,89.96,45.77,44.19
ORD-01430,2022-03-06,East,Electronics,Tablet,Corporate,4,329.0,0.0,1316.0,752.14,563.86
ORD-01431,2023-03-20,North,Home & Kitchen,Lamp,Corporate,4,24.99,0.05,94.96,56.72,38.24
ORD-01432,2022-04-27,North,Sports,Treadmill,Corporate,5,499.0,0.05,2370.25,1281.37,1088.88
ORD-01433,2025-03-09,East,Clothing,Sneakers,Retail,4,79.99,0.2,255.97,191.62,64.35
ORD-01434,2022-09-28,North,Home & Kitchen,Toaster,Wholesale,1,29.99,0.1,26.99,16.97,10.02
ORD-01435,2023-11-23,West,Electronics,Tablet,Corporate,3,329.0,0.2,789.6,564.11,225.49
ORD-01436,2022-01-26,North,Home & Kitchen,Lamp,Wholesale,3,24.99,0.1,67.47,43.27,24.2
ORD-01437,2024-08-05,North,Sports,Dumbbells,Wholesale,4,34.99,0.1,125.96,83.26,42.7
ORD-01438,2025-07-30,South,Sports,Dumbbells,Corporate,5,34.99,0.0,174.95,85.98,88.97
ORD-01439,2025-02-03,East,Electronics,Monitor,Wholesale,1,279.0,0.1,251.1,136.41,114.69
ORD-01440,2022-09-18,South,Clothing,Jeans,Retail,5,49.99,0.2,199.96,114.34,85.62
ORD-01441,2025-09-02,North,Clothing,Dress,Corporate,4,59.99,0.1,215.96,119.4,96.56
ORD-01442,2023-04-12,North,Home & Kitchen,Toaster,Wholesale,1,29.99,0.2,23.99,17.3,6.69
ORD-01443,2025-01-11,North,Clothing,Jacket,Retail,1,89.99,0.0,89.99,47.34,42.65
ORD-01444,2024-11-12,North,Clothing,Jeans,Corporate,3,49.99,0.1,134.97,75.84,59.13
ORD-01445,2024-05-01,North,Sports,Treadmill,Wholesale,2,499.0,0.1,898.2,497.98,400.22
ORD-01446,2023-11-18,West,Home & Kitchen,Vacuum,Wholesale,4,129.99,0.1,467.96,262.71,205.25
ORD-01447,2022-11-04,North,Electronics,Tablet,Corporate,2,329.0,0.1,592.2,366.75,225.45
ORD-01448,2024-11-06,East,Clothing,Sneakers,Retail,5,79.99,0.0,399.95,219.4,180.55
ORD-01449,2024-02-20,North,Electronics,Smartphone,Corporate,5,699.0,0.1,3145.5,1903.2,1242.3
ORD-01450,2024-05-06,North,Electronics,Tablet,Wholesale,4,329.0,0.1,1184.4,679.26,505.14
ORD-01451,2023-02-04,East,Clothing,Jacket,Wholesale,2,89.99,0.1,161.98,87.22,74.76
ORD-01452,2022-08-25,South,Sports,Water Bottle,Corporate,3,12.99,0.0,38.97,19.59,19.38
ORD-01453,2022-06-06,East,Sports,Resistance Band,Retail,2,15.99,0.05,30.38,18.16,12.22
ORD-01454,2025-03-12,South,Clothing,Sneakers,Wholesale,5,79.99,0.2,319.96,188.26,131.7
ORD-01455,2023-08-11,East,Home & Kitchen,Mixer,Retail,1,39.99,0.05,37.99,20.52,17.47
ORD-01456,2025-03-25,West,Clothing,Jeans,Corporate,3,49.99,0.0,149.97,76.9,73.07
ORD-01457,2025-12-27,West,Electronics,Smartphone,Retail,1,699.0,0.0,699.0,418.34,280.66
ORD-01458,2024-11-20,West,Sports,Treadmill,Wholesale,2,499.0,0.1,898.2,485.24,412.96
ORD-01459,2022-09-01,East,Home & Kitchen,Lamp,Corporate,5,24.99,0.1,112.45,58.25,54.2
ORD-01460,2022-04-03,North,Home & Kitchen,Vacuum,Wholesale,4,129.99,0.2,415.97,269.06,146.91
ORD-01461,2023-08-16,West,Clothing,Jeans,Retail,7,49.99,0.1,314.94,161.87,153.07
ORD-01462,2025-04-30,East,Sports,Water Bottle,Corporate,3,12.99,0.05,37.02,18.57,18.45
ORD-01463,2025-04-19,East,Electronics,Smartphone,Corporate,3,699.0,0.0,2097.0,1121.1,975.9
ORD-01464,2025-04-02,West,Home & Kitchen,Toaster,Retail,4,29.99,0.0,119.96,71.14,48.82
ORD-01465,2023-03-08,West,Home & Kitchen,Lamp,Retail,5,24.99,0.0,124.95,61.57,63.38
ORD-01466,2023-08-13,East,Sports,Water Bottle,Wholesale,2,12.99,0.1,23.38,12.82,10.56
ORD-01467,2025-05-26,North,Clothing,Jacket,Corporate,2,89.99,0.0,179.98,86.58,93.4
ORD-01468,2022-12-12,North,Electronics,Tablet,Retail,6,329.0,0.0,1974.0,1032.91,941.09
ORD-01469,2024-01-27,South,Home & Kitchen,Lamp,Retail,4,24.99,0.2,79.97,51.65,28.32
ORD-01470,2024-07-18,East,Electronics,Laptop,Retail,5,899.0,0.05,4270.25,2200.12,2070.13
ORD-01471,2023-07-25,North,Home & Kitchen,Mixer,Retail,2,39.99,0.2,63.98,36.88,27.1
ORD-01472,2024-11-04,East,Home & Kitchen,Vacuum,Corporate,5,129.99,0.2,519.96,368.23,151.73
ORD-01473,2025-11-09,East,Electronics,Monitor,Corporate,1,279.0,0.1,251.1,138.84,112.26
ORD-01474,2025-09-15,North,Electronics,Smartphone,Wholesale,2,699.0,0.1,1258.2,770.3,487.9
ORD-01475,2024-08-20,South,Sports,Yoga Mat,Corporate,4,24.99,0.0,99.96,46.96,53.0
ORD-01476,2022-07-01,South,Electronics,Monitor,Retail,1,279.0,0.1,251.1,134.28,116.82
ORD-01477,2022-03-21,West,Home & Kitchen,Lamp,Wholesale,5,24.99,0.1,112.45,68.18,44.27
ORD-01478,2024-12-22,South,Home & Kitchen,Coffee Maker,Corporate,3,59.99,0.2,143.98,94.08,49.9
ORD-01479,2024-03-14,East,Sports,Treadmill,Wholesale,1,499.0,0.1,449.1,232.96,216.14
ORD-01480,2024-05-09,West,Home & Kitchen,Coffee Maker,Corporate,3,59.99,0.05,170.97,106.8,64.17
ORD-01481,2022-08-21,East,Sports,Yoga Mat,Corporate,4,24.99,0.05,94.96,53.99,40.97
ORD-01482,2023-04-26,North,Home & Kitchen,Toaster,Wholesale,5,29.99,0.1,134.95,87.49,47.46
ORD-01483,2022-05-05,East,Home & Kitchen,Toaster,Wholesale,4,29.99,0.1,107.96,68.54,39.42
ORD-01484,2024-03-27,East,Electronics,Headphones,Retail,4,149.0,0.0,596.0,325.08,270.92
ORD-01485,2023-09-24,West,Sports,Yoga Mat,Corporate,7,24.99,0.1,157.44,84.13,73.31
ORD-01486,2022-08-14,East,Clothing,Dress,Retail,5,59.99,0.0,299.95,177.73,122.22
ORD-01487,2024-02-16,North,Home & Kitchen,Toaster,Corporate,5,29.99,0.0,149.95,82.21,67.74
ORD-01488,2023-03-08,East,Clothing,Jeans,Retail,5,49.99,0.05,237.45,144.71,92.74
ORD-01489,2023-08-18,South,Home & Kitchen,Toaster,Retail,4,29.99,0.0,119.96,63.93,56.03
ORD-01490,2022-01-28,North,Electronics,Tablet,Wholesale,1,329.0,0.1,296.1,150.14,145.96
ORD-01491,2023-09-10,North,Clothing,Jeans,Wholesale,1,49.99,0.1,44.99,28.12,16.87
ORD-01492,2025-09-04,West,Clothing,Jacket,Corporate,1,89.99,0.1,80.99,50.24,30.75
ORD-01493,2024-04-30,North,Electronics,Tablet,Wholesale,6,329.0,0.1,1776.6,1106.19,670.41
ORD-01494,2023-02-02,East,Home & Kitchen,Vacuum,Wholesale,5,129.99,0.2,519.96,294.76,225.2
ORD-01495,2024-07-28,South,Electronics,Headphones,Retail,5,149.0,0.0,745.0,383.25,361.75
ORD-01496,2024-04-12,East,Sports,Treadmill,Retail,5,499.0,0.1,2245.5,1214.3,1031.2
ORD-01497,2024-10-14,West,Home & Kitchen,Lamp,Wholesale,1,24.99,0.1,22.49,14.9,7.59
ORD-01498,2023-04-21,West,Home & Kitchen,Vacuum,Corporate,4,129.99,0.0,519.96,259.91,260.05
ORD-01499,2022-06-21,North,Clothing,Jeans,Retail,4,49.99,0.1,179.96,97.48,82.48
ORD-01500,2024-04-05,West,Clothing,T-Shirt,Retail,4,19.99,0.0,79.96,44.86,35.1
ORD-01501,2022-03-16,East,Sports,Dumbbells,Corporate,3,34.99,0.2,83.98,50.53,33.45
ORD-01502,2024-09-27,West,Home & Kitchen,Coffee Maker,Corporate,3,59.99,0.05,170.97,94.87,76.1
ORD-01503,2022-06-16,North,Sports,Dumbbells,Retail,4,34.99,0.0,139.96,78.87,61.09
ORD-01504,2024-11-30,North,Clothing,Jeans,Wholesale,4,49.99,0.1,179.96,91.15,88.81
ORD-01505,2024-10-11,South,Sports,Yoga Mat,Wholesale,5,24.99,0.1,112.45,63.71,48.74
ORD-01506,2022-08-29,West,Home & Kitchen,Toaster,Retail,5,29.99,0.0,149.95,80.16,69.79
ORD-01507,2022-10-17,East,Clothing,Dress,Wholesale,3,59.99,0.1,161.97,97.31,64.66
ORD-01508,2024-08-05,South,Home & Kitchen,Coffee Maker,Wholesale,2,59.99,0.1,107.98,66.86,41.12
ORD-01509,2022-01-21,East,Sports,Yoga Mat,Retail,2,24.99,0.05,47.48,22.99,24.49
ORD-01510,2023-10-01,South,Clothing,T-Shirt,Retail,5,19.99,0.05,94.95,49.94,45.01
ORD-01511,2025-07-03,West,Clothing,T-Shirt,Retail,4,19.99,0.0,79.96,40.12,39.84
ORD-01512,2023-01-30,East,Home & Kitchen,Vacuum,Corporate,5,129.99,0.2,519.96,322.29,197.67
ORD-01513,2024-04-05,East,Clothing,T-Shirt,Retail,5,19.99,0.0,99.95,46.52,53.43
ORD-01514,2023-07-28,South,Home & Kitchen,Lamp,Corporate,1,24.99,0.0,24.99,14.23,10.76
ORD-01515,2025-08-13,West,Home & Kitchen,Lamp,Corporate,6,24.99,0.2,119.95,87.07,32.88
ORD-01516,2024-08-27,South,Clothing,T-Shirt,Corporate,2,19.99,0.0,39.98,18.54,21.44
ORD-01517,2022-10-28,South,Clothing,Sneakers,Retail,1,79.99,0.0,79.99,36.93,43.06
ORD-01518,2022-10-08,West,Sports,Water Bottle,Wholesale,3,12.99,0.1,35.07,18.94,16.13
ORD-01519,2024-02-12,West,Sports,Treadmill,Corporate,4,499.0,0.0,1996.0,1057.09,938.91
ORD-01520,2023-03-15,South,Home & Kitchen,Coffee Maker,Corporate,4,59.99,0.1,215.96,123.88,92.08
ORD-01521,2023-05-29,North,Sports,Treadmill,Wholesale,2,499.0,0.1,898.2,578.76,319.44
ORD-01522,2025-10-04,East,Sports,Yoga Mat,Retail,5,24.99,0.1,112.45,72.65,39.8
ORD-01523,2024-02-23,East,Clothing,T-Shirt,Retail,2,19.99,0.05,37.98,20.16,17.82
ORD-01524,2022-01-12,East,Home & Kitchen,Mixer,Retail,3,39.99,0.0,119.97,63.03,56.94
ORD-01525,2025-05-27,East,Electronics,Headphones,Wholesale,4,149.0,0.2,476.8,331.16,145.64
ORD-01526,2025-07-04,North,Electronics,Monitor,Corporate,5,279.0,0.05,1325.25,664.11,661.14
ORD-01527,2025-08-19,North,Electronics,Headphones,Corporate,1,149.0,0.2,119.2,70.47,48.73
ORD-01528,2022-12-29,South,Electronics,Monitor,Wholesale,1,279.0,0.2,223.2,155.29,67.91
ORD-01529,2022-07-19,East,Clothing,Dress,Wholesale,1,59.99,0.1,53.99,34.53,19.46
ORD-01530,2025-12-23,South,Home & Kitchen,Lamp,Corporate,1,24.99,0.2,19.99,12.76,7.23
ORD-01531,2025-10-03,North,Electronics,Smartphone,Wholesale,4,699.0,0.1,2516.4,1293.42,1222.98
ORD-01532,2022-04-02,East,Clothing,Dress,Retail,4,59.99,0.0,239.96,130.85,109.11
ORD-01533,2023-09-30,East,Home & Kitchen,Mixer,Corporate,3,39.99,0.05,113.97,64.21,49.76
ORD-01534,2022-06-26,West,Electronics,Laptop,Retail,1,899.0,0.0,899.0,484.27,414.73
ORD-01535,2022-12-13,North,Clothing,Jacket,Retail,4,89.99,0.0,359.96,209.35,150.61
ORD-01536,2023-09-23,South,Clothing,Jacket,Retail,1,89.99,0.05,85.49,50.02,35.47
ORD-01537,2023-07-26,South,Home & Kitchen,Vacuum,Retail,2,129.99,0.0,259.98,127.63,132.35
ORD-01538,2022-12-29,East,Home & Kitchen,Vacuum,Corporate,3,129.99,0.0,389.97,204.14,185.83
ORD-01539,2024-01-15,East,Sports,Yoga Mat,Corporate,1,24.99,0.1,22.49,12.69,9.8
ORD-01540,2025-03-10,South,Sports,Treadmill,Corporate,3,499.0,0.0,1497.0,750.49,746.51
ORD-01541,2025-02-03,East,Electronics,Tablet,Retail,1,329.0,0.05,312.55,160.92,151.63
ORD-01542,2024-11-24,South,Sports,Yoga Mat,Corporate,4,24.99,0.1,89.96,49.82,40.14
ORD-01543,2024-02-13,North,Home & Kitchen,Mixer,Wholesale,3,39.99,0.1,107.97,56.84,51.13
ORD-01544,2023-11-17,East,Electronics,Smartphone,Retail,2,699.0,0.05,1328.1,743.76,584.34
ORD-01545,2024-06-18,West,Sports,Water Bottle,Corporate,5,12.99,0.0,64.95,36.27,28.68
ORD-01546,2023-11-23,West,Sports,Treadmill,Corporate,1,499.0,0.0,499.0,281.67,217.33
ORD-01547,2022-08-09,West,Sports,Treadmill,Retail,5,499.0,0.0,2495.0,1184.14,1310.86
ORD-01548,2023-09-08,South,Clothing,Jeans,Wholesale,3,49.99,0.1,134.97,89.31,45.66
ORD-01549,2022-10-17,East,Sports,Water Bottle,Retail,2,12.99,0.05,24.68,11.69,12.99
ORD-01550,2023-02-15,South,Home & Kitchen,Toaster,Retail,1,29.99,0.0,29.99,14.56,15.43
ORD-01551,2024-06-13,North,Clothing,Jeans,Retail,5,49.99,0.0,249.95,112.66,137.29
ORD-01552,2023-12-07,North,Sports,Resistance Band,Wholesale,4,15.99,0.2,51.17,30.82,20.35
ORD-01553,2025-09-30,West,Sports,Yoga Mat,Retail,1,24.99,0.0,24.99,14.11,10.88
ORD-01554,2024-03-29,East,Home & Kitchen,Vacuum,Wholesale,5,129.99,0.1,584.96,344.55,240.41
ORD-01555,2024-09-27,North,Clothing,Dress,Wholesale,2,59.99,0.1,107.98,60.63,47.35
ORD-01556,2024-10-23,North,Sports,Dumbbells,Retail,2,34.99,0.0,69.98,36.74,33.24
ORD-01557,2023-03-09,East,Sports,Dumbbells,Wholesale,3,34.99,0.1,94.47,57.53,36.94
ORD-01558,2022-11-05,East,Home & Kitchen,Vacuum,Wholesale,4,129.99,0.1,467.96,254.34,213.62
ORD-01559,2023-01-03,South,Sports,Resistance Band,Wholesale,1,15.99,0.1,14.39,9.13,5.26
ORD-01560,2025-11-06,North,Sports,Dumbbells,Corporate,2,34.99,0.0,69.98,32.84,37.14
ORD-01561,2024-02-26,West,Electronics,Monitor,Corporate,3,279.0,0.05,795.15,409.12,386.03
ORD-01562,2022-08-26,West,Home & Kitchen,Vacuum,Retail,4,129.99,0.0,519.96,242.69,277.27
ORD-01563,2024-05-18,West,Electronics,Smartphone,Corporate,1,699.0,0.1,629.1,341.58,287.52
ORD-01564,2025-06-12,West,Sports,Dumbbells,Wholesale,4,34.99,0.1,125.96,81.2,44.76
ORD-01565,2024-01-22,North,Home & Kitchen,Toaster,Retail,4,29.99,0.0,119.96,66.13,53.83
ORD-01566,2025-01-16,East,Clothing,Jacket,Wholesale,3,89.99,0.1,242.97,122.2,120.77
ORD-01567,2023-09-02,North,Electronics,Headphones,Retail,1,149.0,0.05,141.55,72.61,68.94
ORD-01568,2024-12-31,North,Clothing,Jeans,Wholesale,4,49.99,0.1,179.96,116.76,63.2
ORD-01569,2024-07-27,South,Sports,Dumbbells,Retail,1,34.99,0.0,34.99,17.7,17.29
ORD-01570,2025-06-01,North,Sports,Resistance Band,Corporate,1,15.99,0.0,15.99,9.42,6.57
ORD-01571,2023-09-11,West,Sports,Dumbbells,Corporate,3,34.99,0.0,104.97,58.6,46.37
ORD-01572,2022-06-12,West,Electronics,Smartphone,Retail,4,699.0,0.1,2516.4,1484.32,1032.08
ORD-01573,2025-11-22,North,Home & Kitchen,Lamp,Wholesale,4,24.99,0.1,89.96,56.39,33.57
ORD-01574,2023-07-17,South,Home & Kitchen,Lamp,Retail,1,24.99,0.1,22.49,12.74,9.75
ORD-01575,2025-10-20,East,Home & Kitchen,Mixer,Wholesale,4,39.99,0.1,143.96,72.43,71.53
ORD-01576,2025-09-07,South,Home & Kitchen,Toaster,Corporate,4,29.99,0.1,107.96,68.2,39.76
ORD-01577,2023-10-14,North,Clothing,Jeans,Retail,1,49.99,0.2,39.99,24.93,15.06
ORD-01578,2025-06-06,East,Sports,Resistance Band,Corporate,4,15.99,0.2,51.17,34.49,16.68
ORD-01579,2024-03-07,West,Electronics,Headphones,Corporate,3,149.0,0.0,447.0,232.12,214.88
ORD-01580,2024-10-18,South,Clothing,Sneakers,Corporate,3,79.99,0.05,227.97,109.15,118.82
ORD-01581,2022-06-10,West,Home & Kitchen,Mixer,Wholesale,2,39.99,0.1,71.98,40.42,31.56
ORD-01582,2023-10-08,West,Sports,Dumbbells,Corporate,2,34.99,0.0,69.98,38.04,31.94
ORD-01583,2024-06-02,West,Electronics,Headphones,Retail,9,149.0,0.05,1273.95,788.74,485.21
ORD-01584,2024-02-15,North,Electronics,Monitor,Retail,1,279.0,0.0,279.0,149.44,129.56
ORD-01585,2022-11-22,West,Sports,Treadmill,Wholesale,2,499.0,0.1,898.2,490.85,407.35
ORD-01586,2025-07-14,North,Home & Kitchen,Lamp,Wholesale,5,24.99,0.1,112.45,63.58,48.87
ORD-01587,2024-10-10,West,Home & Kitchen,Vacuum,Retail,3,129.99,0.0,389.97,198.89,191.08
ORD-01588,2024-12-26,East,Sports,Yoga Mat,Wholesale,1,24.99,0.1,22.49,13.42,9.07
ORD-01589,2024-05-06,West,Clothing,T-Shirt,Retail,5,19.99,0.1,89.95,54.27,35.68
ORD-01590,2025-05-12,West,Electronics,Headphones,Wholesale,5,149.0,0.1,670.5,411.73,258.77
ORD-01591,2022-02-16,West,Clothing,Jeans,Corporate,4,49.99,0.0,199.96,95.24,104.72
ORD-01592,2023-02-14,East,Clothing,Jacket,Wholesale,1,89.99,0.1,80.99,43.29,37.7
ORD-01593,2024-07-29,South,Sports,Yoga Mat,Retail,2,24.99,0.05,47.48,26.24,21.24
ORD-01594,2025-05-22,East,Clothing,Jeans,Retail,4,49.99,0.2,159.97,118.85,41.12
ORD-01595,2022-03-08,West,Sports,Water Bottle,Corporate,1,12.99,0.0,12.99,7.57,5.42
ORD-01596,2022-09-05,North,Sports,Water Bottle,Corporate,1,12.99,0.0,12.99,7.43,5.56
ORD-01597,2022-03-23,East,Sports,Resistance Band,Retail,4,15.99,0.05,60.76,36.34,24.42
ORD-01598,2022-10-26,East,Electronics,Smartphone,Retail,3,699.0,0.0,2097.0,988.3,1108.7
ORD-01599,2024-09-15,South,Home & Kitchen,Mixer,Wholesale,3,39.99,0.2,95.98,66.47,29.51
ORD-01600,2025-12-23,West,Clothing,Jacket,Wholesale,3,89.99,0.1,242.97,134.88,108.09
ORD-01601,2025-12-03,East,Home & Kitchen,Lamp,Wholesale,1,24.99,0.1,22.49,11.8,10.69
ORD-01602,2022-02-23,South,Home & Kitchen,Lamp,Corporate,3,24.99,0.2,59.98,37.01,22.97
ORD-01603,2022-11-21,East,Sports,Water Bottle,Corporate,3,12.99,0.0,38.97,21.88,17.09
ORD-01604,2022-09-21,South,Home & Kitchen,Vacuum,Retail,3,129.99,0.2,311.98,188.82,123.16
ORD-01605,2025-04-09,East,Clothing,Dress,Corporate,1,59.99,0.0,59.99,30.27,29.72
ORD-01606,2024-11-24,West,Sports,Resistance Band,Corporate,3,15.99,0.2,38.38,22.71,15.67
ORD-01607,2023-10-06,East,Sports,Water Bottle,Wholesale,2,12.99,0.1,23.38,13.57,9.81
ORD-01608,2024-02-17,North,Electronics,Headphones,Corporate,1,149.0,0.0,149.0,70.4,78.6
ORD-01609,2022-09-02,South,Home & Kitchen,Vacuum,Retail,4,129.99,0.1,467.96,305.17,162.79
ORD-01610,2024-12-09,South,Clothing,Jacket,Wholesale,1,89.99,0.1,80.99,48.95,32.04
ORD-01611,2024-11-05,North,Home & Kitchen,Lamp,Retail,5,24.99,0.2,99.96,66.31,33.65
ORD-01612,2022-04-25,West,Clothing,Jeans,Corporate,4,49.99,0.0,199.96,110.67,89.29
ORD-01613,2023-05-17,South,Sports,Yoga Mat,Wholesale,1,24.99,0.1,22.49,12.24,10.25
ORD-01614,2022-07-07,South,Electronics,Smartphone,Corporate,4,699.0,0.0,2796.0,1353.65,1442.35
ORD-01615,2025-04-05,West,Sports,Dumbbells,Corporate,7,34.99,0.0,244.93,121.93,123.0
ORD-01616,2022-05-30,South,Sports,Dumbbells,Retail,4,34.99,0.0,139.96,72.98,66.98
ORD-01617,2025-01-15,South,Sports,Treadmill,Retail,5,499.0,0.0,2495.0,1340.46,1154.54
ORD-01618,2024-06-25,South,Sports,Dumbbells,Wholesale,3,34.99,0.1,94.47,56.71,37.76
ORD-01619,2025-07-16,South,Home & Kitchen,Lamp,Corporate,4,24.99,0.1,89.96,49.24,40.72
ORD-01620,2023-09-06,East,Clothing,Jacket,Wholesale,3,89.99,0.2,215.98,144.22,71.76
ORD-01621,2025-07-05,West,Electronics,Smartphone,Retail,4,699.0,0.1,2516.4,1455.53,1060.87
ORD-01622,2023-01-02,North,Sports,Treadmill,Corporate,1,499.0,0.05,474.05,250.18,223.87
ORD-01623,2025-01-08,South,Clothing,T-Shirt,Wholesale,2,19.99,0.1,35.98,19.83,16.15
ORD-01624,2023-10-18,West,Electronics,Headphones,Wholesale,6,149.0,0.1,804.6,423.27,381.33
ORD-01625,2022-12-18,South,Clothing,Jacket,Wholesale,5,89.99,0.1,404.95,246.58,158.37
ORD-01626,2023-07-06,South,Home & Kitchen,Vacuum,Wholesale,3,129.99,0.1,350.97,183.97,167.0
ORD-01627,2023-12-26,East,Sports,Treadmill,Wholesale,4,499.0,0.1,1796.4,1016.03,780.37
ORD-01628,2022-01-12,West,Electronics,Monitor,Retail,3,279.0,0.05,795.15,472.95,322.2
ORD-01629,2025-12-13,South,Clothing,Jacket,Wholesale,3,89.99,0.1,242.97,122.45,120.52
ORD-01630,2024-02-23,East,Clothing,Jeans,Wholesale,5,49.99,0.1,224.96,128.98,95.98
ORD-01631,2022-08-07,North,Clothing,Jeans,Corporate,3,49.99,0.2,119.98,78.28,41.7
ORD-01632,2025-04-29,West,Electronics,Monitor,Retail,5,279.0,0.1,1255.5,706.22,549.28
ORD-01633,2022-04-25,East,Home & Kitchen,Lamp,Retail,3,24.99,0.05,71.22,44.12,27.1
ORD-01634,2024-08-24,South,Electronics,Headphones,Corporate,5,149.0,0.0,745.0,401.16,343.84
ORD-01635,2023-02-14,North,Sports,Yoga Mat,Corporate,3,24.99,0.1,67.47,39.88,27.59
ORD-01636,2023-06-18,East,Electronics,Smartphone,Wholesale,1,699.0,0.2,559.2,389.14,170.06
ORD-01637,2024-01-10,West,Clothing,Jeans,Retail,3,49.99,0.05,142.47,75.63,66.84
ORD-01638,2025-10-19,East,Home & Kitchen,Lamp,Wholesale,1,24.99,0.1,22.49,11.69,10.8
ORD-01639,2024-05-25,West,Sports,Dumbbells,Corporate,4,34.99,0.1,125.96,70.82,55.14
ORD-01640,2024-06-14,North,Home & Kitchen,Lamp,Corporate,4,24.99,0.0,99.96,53.6,46.36
ORD-01641,2022-05-18,North,Electronics,Tablet,Retail,1,329.0,0.1,296.1,189.81,106.29
ORD-01642,2025-03-21,West,Clothing,T-Shirt,Corporate,5,19.99,0.05,94.95,51.74,43.21
ORD-01643,2022-11-08,East,Electronics,Smartphone,Corporate,5,699.0,0.1,3145.5,1982.25,1163.25
ORD-01644,2024-06-04,North,Sports,Resistance Band,Wholesale,3,15.99,0.1,43.17,26.07,17.1
ORD-01645,2022-02-08,North,Clothing,Jacket,Retail,4,89.99,0.0,359.96,175.96,184.0
ORD-01646,2025-04-11,East,Sports,Yoga Mat,Corporate,5,24.99,0.0,124.95,72.97,51.98
ORD-01647,2025-03-27,South,Clothing,Jeans,Retail,2,49.99,0.0,99.98,47.71,52.27
ORD-01648,2024-12-28,North,Clothing,Dress,Wholesale,3,59.99,0.1,161.97,89.83,72.14
ORD-01649,2023-04-17,South,Clothing,Jacket,Retail,2,89.99,0.05,170.98,107.75,63.23
ORD-01650,2023-03-21,East,Electronics,Smartphone,Corporate,3,699.0,0.05,1992.15,951.65,1040.5
ORD-01651,2023-03-04,West,Electronics,Monitor,Retail,3,279.0,0.05,795.15,450.75,344.4
ORD-01652,2022-07-10,South,Electronics,Smartphone,Wholesale,1,699.0,0.1,629.1,392.21,236.89
ORD-01653,2023-10-11,West,Clothing,Jeans,Corporate,1,49.99,0.0,49.99,26.08,23.91
ORD-01654,2022-08-18,West,Electronics,Laptop,Wholesale,5,899.0,0.1,4045.5,2261.89,1783.61
ORD-01655,2022-05-14,West,Home & Kitchen,Coffee Maker,Retail,1,59.99,0.05,56.99,34.88,22.11
ORD-01656,2023-07-17,East,Electronics,Smartphone,Retail,1,699.0,0.0,699.0,327.97,371.03
ORD-01657,2022-10-15,West,Electronics,Laptop,Corporate,9,899.0,0.2,6472.8,3996.65,2476.15
ORD-01658,2024-04-29,South,Sports,Yoga Mat,Corporate,2,24.99,0.1,44.98,29.73,15.25
ORD-01659,2025-10-01,South,Home & Kitchen,Mixer,Wholesale,2,39.99,0.1,71.98,41.96,30.02
ORD-01660,2024-04-06,East,Home & Kitchen,Lamp,Wholesale,3,24.99,0.1,67.47,42.54,24.93
ORD-01661,2022-02-28,West,Electronics,Smartphone,Retail,3,699.0,0.1,1887.3,1170.92,716.38
ORD-01662,2022-11-20,North,Electronics,Headphones,Wholesale,1,149.0,0.1,134.1,69.56,64.54
ORD-01663,2024-08-09,West,Sports,Yoga Mat,Wholesale,7,24.99,0.1,157.44,86.89,70.55
ORD-01664,2023-06-11,South,Home & Kitchen,Lamp,Retail,3,24.99,0.1,67.47,41.25,26.22
ORD-01665,2024-09-05,West,Clothing,Jeans,Retail,2,49.99,0.0,99.98,48.37,51.61
ORD-01666,2022-07-14,West,Home & Kitchen,Lamp,Corporate,1,24.99,0.0,24.99,11.94,13.05
ORD-01667,2023-09-09,East,Sports,Resistance Band,Wholesale,5,15.99,0.1,71.95,42.9,29.05
ORD-01668,2022-09-27,East,Sports,Treadmill,Retail,2,499.0,0.1,898.2,559.34,338.86
ORD-01669,2024-02-28,North,Clothing,Jeans,Retail,1,49.99,0.0,49.99,27.25,22.74
ORD-01670,2022-11-28,West,Home & Kitchen,Mixer,Corporate,6,39.99,0.0,239.94,114.73,125.21
ORD-01671,2024-04-10,West,Clothing,Sneakers,Wholesale,5,79.99,0.1,359.95,187.05,172.9
ORD-01672,2025-09-04,East,Home & Kitchen,Coffee Maker,Wholesale,3,59.99,0.1,161.97,102.77,59.2
ORD-01673,2025-01-29,West,Electronics,Headphones,Corporate,6,149.0,0.05,849.3,488.43,360.87
ORD-01674,2022-09-16,North,Clothing,Sneakers,Wholesale,1,79.99,0.1,71.99,42.6,29.39
ORD-01675,2022-09-16,East,Home & Kitchen,Vacuum,Retail,4,129.99,0.1,467.96,310.75,157.21
ORD-01676,2024-10-30,South,Sports,Resistance Band,Retail,2,15.99,0.0,31.98,18.42,13.56
ORD-01677,2022-02-04,South,Home & Kitchen,Lamp,Corporate,5,24.99,0.0,124.95,66.78,58.17
ORD-01678,2024-12-11,North,Home & Kitchen,Lamp,Corporate,2,24.99,0.2,39.98,29.59,10.39
ORD-01679,2022-12-08,East,Clothing,T-Shirt,Corporate,2,19.99,0.2,31.98,21.79,10.19
ORD-01680,2023-04-09,South,Sports,Yoga Mat,Wholesale,3,24.99,0.1,67.47,44.52,22.95
ORD-01681,2023-08-31,West,Sports,Water Bottle,Retail,4,12.99,0.2,41.57,30.69,10.88
ORD-01682,2022-06-03,East,Home & Kitchen,Coffee Maker,Retail,5,59.99,0.1,269.95,178.14,91.81
ORD-01683,2024-04-20,South,Clothing,Sneakers,Retail,2,79.99,0.0,159.98,81.38,78.6
ORD-01684,2025-08-16,West,Sports,Resistance Band,Wholesale,2,15.99,0.1,28.78,14.73,14.05
ORD-01685,2022-10-15,West,Electronics,Tablet,Retail,1,329.0,0.0,329.0,185.58,143.42
ORD-01686,2025-07-28,North,Home & Kitchen,Lamp,Retail,1,24.99,0.2,19.99,13.49,6.5
ORD-01687,2025-09-14,West,Home & Kitchen,Mixer,Corporate,7,39.99,0.05,265.93,132.42,133.51
ORD-01688,2023-12-01,East,Electronics,Monitor,Retail,2,279.0,0.05,530.1,286.75,243.35
ORD-01689,2025-12-24,West,Home & Kitchen,Coffee Maker,Corporate,4,59.99,0.2,191.97,129.7,62.27
ORD-01690,2024-01-13,South,Sports,Water Bottle,Wholesale,4,12.99,0.1,46.76,28.36,18.4
ORD-01691,2023-07-19,East,Home & Kitchen,Vacuum,Retail,3,129.99,0.0,389.97,180.35,209.62
ORD-01692,2025-12-31,West,Clothing,Dress,Retail,4,59.99,0.05,227.96,131.94,96.02
ORD-01693,2025-12-22,West,Sports,Resistance Band,Corporate,7,15.99,0.2,89.54,56.79,32.75
ORD-01694,2022-08-09,North,Electronics,Laptop,Corporate,2,899.0,0.2,1438.4,1000.4,438.0
ORD-01695,2024-05-13,West,Electronics,Headphones,Wholesale,5,149.0,0.1,670.5,339.42,331.08
ORD-01696,2025-07-10,West,Electronics,Smartphone,Wholesale,5,699.0,0.1,3145.5,1624.55,1520.95
ORD-01697,2022-02-28,West,Home & Kitchen,Toaster,Retail,3,29.99,0.0,89.97,44.22,45.75
ORD-01698,2023-10-27,West,Home & Kitchen,Coffee Maker,Corporate,2,59.99,0.1,107.98,65.66,42.32
ORD-01699,2024-04-01,East,Clothing,Sneakers,Corporate,1,79.99,0.0,79.99,40.22,39.77
ORD-01700,2023-04-12,East,Home & Kitchen,Mixer,Corporate,1,39.99,0.2,31.99,20.43,11.56
ORD-01701,2024-10-15,South,Sports,Yoga Mat,Wholesale,3,24.99,0.2,59.98,39.2,20.78
ORD-01702,2024-06-15,East,Clothing,Jeans,Corporate,3,49.99,0.0,149.97,69.99,79.98
ORD-01703,2023-09-28,East,Clothing,Sneakers,Retail,5,79.99,0.2,319.96,184.53,135.43
ORD-01704,2022-07-05,West,Home & Kitchen,Coffee Maker,Wholesale,3,59.99,0.1,161.97,84.58,77.39
ORD-01705,2022-08-01,East,Electronics,Headphones,Retail,2,149.0,0.0,298.0,145.09,152.91
ORD-01706,2025-09-29,East,Electronics,Monitor,Retail,2,279.0,0.0,558.0,271.64,286.36
ORD-01707,2024-06-20,South,Clothing,T-Shirt,Corporate,3,19.99,0.0,59.97,35.66,24.31
ORD-01708,2024-09-16,West,Sports,Resistance Band,Corporate,7,15.99,0.0,111.93,57.29,54.64
ORD-01709,2025-04-04,West,Sports,Treadmill,Wholesale,4,499.0,0.1,1796.4,1027.34,769.06
ORD-01710,2023-04-26,East,Home & Kitchen,Mixer,Corporate,2,39.99,0.0,79.98,46.31,33.67
ORD-01711,2023-05-21,South,Electronics,Tablet,Corporate,4,329.0,0.0,1316.0,751.55,564.45
ORD-01712,2023-04-12,East,Clothing,Sneakers,Wholesale,3,79.99,0.1,215.97,138.1,77.87
ORD-01713,2025-06-21,West,Sports,Resistance Band,Wholesale,3,15.99,0.1,43.17,21.75,21.42
ORD-01714,2025-02-18,North,Home & Kitchen,Vacuum,Retail,2,129.99,0.0,259.98,143.59,116.39
ORD-01715,2023-07-20,East,Electronics,Tablet,Retail,4,329.0,0.0,1316.0,786.88,529.12
ORD-01716,2025-09-17,West,Home & Kitchen,Lamp,Corporate,3,24.99,0.1,67.47,42.72,24.75
ORD-01717,2024-04-13,South,Home & Kitchen,Mixer,Wholesale,5,39.99,0.1,179.96,111.34,68.62
ORD-01718,2025-04-18,North,Electronics,Tablet,Retail,1,329.0,0.2,263.2,156.01,107.19
ORD-01719,2023-05-25,South,Clothing,T-Shirt,Retail,4,19.99,0.2,63.97,37.42,26.55
ORD-01720,2022-07-12,West,Sports,Water Bottle,Retail,5,12.99,0.0,64.95,37.48,27.47
ORD-01721,2022-07-16,East,Home & Kitchen,Coffee Maker,Retail,4,59.99,0.0,239.96,125.97,113.99
ORD-01722,2023-06-18,West,Clothing,Jeans,Wholesale,4,49.99,0.2,159.97,92.43,67.54
ORD-01723,2022-07-12,East,Electronics,Tablet,Retail,1,329.0,0.0,329.0,181.74,147.26
ORD-01724,2022-12-12,North,Electronics,Laptop,Corporate,3,899.0,0.0,2697.0,1537.31,1159.69
ORD-01725,2025-02-27,East,Electronics,Smartphone,Retail,2,699.0,0.05,1328.1,667.22,660.88
ORD-01726,2023-12-09,North,Clothing,Dress,Wholesale,3,59.99,0.1,161.97,85.76,76.21
ORD-01727,2025-12-17,South,Clothing,Sneakers,Corporate,1,79.99,0.1,71.99,36.46,35.53
ORD-01728,2022-09-04,East,Home & Kitchen,Mixer,Corporate,3,39.99,0.2,95.98,57.23,38.75
ORD-01729,2022-12-09,North,Sports,Yoga Mat,Wholesale,5,24.99,0.1,112.45,74.92,37.53
ORD-01730,2024-07-20,West,Sports,Dumbbells,Retail,4,34.99,0.0,139.96,70.66,69.3
ORD-01731,2024-10-02,South,Sports,Dumbbells,Wholesale,3,34.99,0.1,94.47,61.67,32.8
ORD-01732,2025-09-12,North,Electronics,Headphones,Wholesale,5,149.0,0.2,596.0,394.69,201.31
ORD-01733,2025-01-23,South,Home & Kitchen,Toaster,Wholesale,2,29.99,0.1,53.98,33.86,20.12
ORD-01734,2025-07-06,West,Sports,Water Bottle,Wholesale,3,12.99,0.1,35.07,20.41,14.66
ORD-01735,2025-02-23,West,Sports,Treadmill,Corporate,6,499.0,0.0,2994.0,1693.49,1300.51
ORD-01736,2022-04-23,North,Clothing,T-Shirt,Corporate,3,19.99,0.1,53.97,33.71,20.26
ORD-01737,2025-01-16,South,Home & Kitchen,Mixer,Wholesale,5,39.99,0.1,179.96,91.39,88.57
ORD-01738,2024-02-28,South,Home & Kitchen,Lamp,Corporate,1,24.99,0.2,19.99,14.52,5.47
ORD-01739,2024-11-07,South,Home & Kitchen,Mixer,Retail,2,39.99,0.0,79.98,41.48,38.5
ORD-01740,2023-03-30,East,Electronics,Smartphone,Retail,3,699.0,0.2,1677.6,1136.47,541.13
ORD-01741,2024-02-21,South,Electronics,Headphones,Wholesale,1,149.0,0.2,119.2,85.23,33.97
ORD-01742,2022-12-29,West,Clothing,Jacket,Corporate,3,89.99,0.0,269.97,145.73,124.24
ORD-01743,2025-10-01,East,Sports,Resistance Band,Corporate,3,15.99,0.0,47.97,28.35,19.62
ORD-01744,2023-07-13,West,Electronics,Monitor,Wholesale,5,279.0,0.1,1255.5,798.65,456.85
ORD-01745,2023-06-04,North,Sports,Dumbbells,Retail,4,34.99,0.0,139.96,76.9,63.06
ORD-01746,2022-05-25,North,Electronics,Smartphone,Corporate,3,699.0,0.1,1887.3,1046.63,840.67
ORD-01747,2023-06-10,West,Home & Kitchen,Lamp,Retail,3,24.99,0.1,67.47,36.68,30.79
ORD-01748,2024-03-19,South,Electronics,Tablet,Wholesale,3,329.0,0.1,888.3,591.54,296.76
ORD-01749,2024-09-07,North,Electronics,Smartphone,Corporate,1,699.0,0.0,699.0,323.32,375.68
ORD-01750,2022-05-19,South,Sports,Resistance Band,Wholesale,3,15.99,0.1,43.17,26.9,16.27
ORD-01751,2025-05-07,North,Clothing,Jeans,Retail,3,49.99,0.0,149.97,80.28,69.69
ORD-01752,2023-12-01,East,Clothing,Jacket,Retail,4,89.99,0.0,359.96,210.66,149.3
ORD-01753,2024-03-12,West,Clothing,Jacket,Wholesale,4,89.99,0.1,323.96,195.85,128.11
ORD-01754,2025-09-09,West,Electronics,Monitor,Retail,1,279.0,0.0,279.0,148.85,130.15
ORD-01755,2025-01-25,East,Electronics,Laptop,Corporate,1,899.0,0.1,809.1,406.9,402.2
ORD-01756,2022-12-14,East,Home & Kitchen,Mixer,Retail,2,39.99,0.0,79.98,44.2,35.78
ORD-01757,2024-02-20,North,Electronics,Monitor,Retail,4,279.0,0.0,1116.0,629.79,486.21
ORD-01758,2025-02-28,North,Electronics,Monitor,Wholesale,5,279.0,0.1,1255.5,771.21,484.29
ORD-01759,2024-07-09,South,Sports,Resistance Band,Corporate,3,15.99,0.0,47.97,28.64,19.33
ORD-01760,2024-07-20,West,Clothing,Sneakers,Corporate,7,79.99,0.0,559.93,264.1,295.83
ORD-01761,2022-12-24,West,Home & Kitchen,Coffee Maker,Retail,4,59.99,0.05,227.96,136.97,90.99
ORD-01762,2022-03-29,West,Sports,Resistance Band,Wholesale,3,15.99,0.1,43.17,27.63,15.54
ORD-01763,2023-03-03,West,Sports,Water Bottle,Wholesale,5,12.99,0.1,58.46,38.51,19.95
ORD-01764,2024-01-15,East,Home & Kitchen,Vacuum,Retail,2,129.99,0.2,207.98,137.66,70.32
ORD-01765,2023-03-21,South,Clothing,Dress,Wholesale,3,59.99,0.1,161.97,95.79,66.18
ORD-01766,2024-02-07,East,Clothing,Sneakers,Corporate,2,79.99,0.05,151.98,74.6,77.38
ORD-01767,2024-07-15,East,Sports,Dumbbells,Retail,2,34.99,0.0,69.98,35.04,34.94
ORD-01768,2025-09-12,West,Sports,Yoga Mat,Corporate,3,24.99,0.0,74.97,38.08,36.89
ORD-01769,2022-12-19,East,Clothing,Sneakers,Wholesale,5,79.99,0.1,359.95,189.02,170.93
ORD-01770,2024-08-17,South,Clothing,Sneakers,Corporate,3,79.99,0.1,215.97,141.57,74.4
ORD-01771,2024-12-22,North,Electronics,Laptop,Retail,1,899.0,0.0,899.0,449.25,449.75
ORD-01772,2023-10-04,East,Clothing,Jeans,Wholesale,2,49.99,0.1,89.98,57.6,32.38
ORD-01773,2025-06-30,East,Sports,Water Bottle,Wholesale,3,12.99,0.2,31.18,18.56,12.62
ORD-01774,2022-07-27,South,Clothing,Jeans,Corporate,4,49.99,0.0,199.96,105.95,94.01
ORD-01775,2024-04-19,South,Sports,Treadmill,Retail,2,499.0,0.0,998.0,548.48,449.52
ORD-01776,2024-06-30,North,Electronics,Smartphone,Retail,4,699.0,0.05,2656.2,1329.69,1326.51
ORD-01777,2025-04-15,East,Sports,Resistance Band,Retail,5,15.99,0.0,79.95,41.34,38.61
ORD-01778,2024-10-04,East,Home & Kitchen,Mixer,Corporate,3,39.99,0.0,119.97,57.18,62.79
ORD-01779,2023-09-07,West,Clothing,T-Shirt,Retail,3,19.99,0.0,59.97,29.62,30.35
ORD-01780,2023-12-28,West,Electronics,Tablet,Wholesale,4,329.0,0.1,1184.4,630.11,554.29
ORD-01781,2024-12-01,North,Sports,Treadmill,Corporate,2,499.0,0.0,998.0,546.32,451.68
ORD-01782,2023-09-20,East,Sports,Water Bottle,Corporate,3,12.99,0.0,38.97,19.13,19.84
ORD-01783,2024-07-27,North,Home & Kitchen,Lamp,Corporate,1,24.99,0.0,24.99,14.51,10.48
ORD-01784,2022-01-22,North,Home & Kitchen,Vacuum,Retail,2,129.99,0.05,246.98,131.81,115.17
ORD-01785,2025-11-24,East,Sports,Treadmill,Wholesale,3,499.0,0.1,1347.3,865.33,481.97
ORD-01786,2024-04-13,East,Clothing,Jacket,Wholesale,3,89.99,0.1,242.97,129.3,113.67
ORD-01787,2023-07-01,North,Sports,Dumbbells,Retail,3,34.99,0.1,94.47,61.34,33.13
ORD-01788,2022-09-21,North,Clothing,T-Shirt,Corporate,2,19.99,0.0,39.98,18.38,21.6
ORD-01789,2023-05-01,North,Electronics,Laptop,Corporate,1,899.0,0.0,899.0,521.89,377.11
ORD-01790,2022-05-25,South,Sports,Treadmill,Corporate,1,499.0,0.1,449.1,233.68,215.42
ORD-01791,2022-10-12,South,Electronics,Smartphone,Corporate,1,699.0,0.0,699.0,314.95,384.05
ORD-01792,2023-04-23,South,Electronics,Laptop,Retail,3,899.0,0.1,2427.3,1291.58,1135.72
ORD-01793,2025-12-21,West,Clothing,Sneakers,Retail,4,79.99,0.1,287.96,185.5,102.46
ORD-01794,2024-06-25,South,Electronics,Laptop,Corporate,2,899.0,0.0,1798.0,847.91,950.09
ORD-01795,2025-03-24,South,Electronics,Laptop,Retail,1,899.0,0.0,899.0,506.54,392.46
ORD-01796,2022-11-29,West,Home & Kitchen,Lamp,Wholesale,5,24.99,0.1,112.45,60.32,52.13
ORD-01797,2023-12-08,South,Electronics,Headphones,Wholesale,3,149.0,0.1,402.3,205.28,197.02
ORD-01798,2023-12-06,North,Sports,Dumbbells,Corporate,4,34.99,0.0,139.96,83.5,56.46
ORD-01799,2022-06-30,East,Home & Kitchen,Lamp,Wholesale,1,24.99,0.1,22.49,12.23,10.26
ORD-01800,2024-07-12,East,Sports,Treadmill,Wholesale,4,499.0,0.1,1796.4,1126.77,669.63
ORD-01801,2025-01-23,South,Clothing,Dress,Wholesale,2,59.99,0.1,107.98,66.42,41.56
ORD-01802,2024-08-10,West,Home & Kitchen,Vacuum,Retail,6,129.99,0.05,740.94,403.87,337.07
ORD-01803,2024-02-29,West,Electronics,Smartphone,Retail,3,699.0,0.0,2097.0,1069.29,1027.71
ORD-01804,2024-06-08,South,Clothing,Dress,Wholesale,2,59.99,0.1,107.98,55.7,52.28
ORD-01805,2024-08-25,South,Home & Kitchen,Toaster,Retail,2,29.99,0.0,59.98,31.47,28.51
ORD-01806,2023-09-14,East,Clothing,Jeans,Wholesale,4,49.99,0.1,179.96,111.69,68.27
ORD-01807,2024-06-10,South,Sports,Dumbbells,Wholesale,3,34.99,0.1,94.47,48.29,46.18
ORD-01808,2025-12-16,West,Home & Kitchen,Coffee Maker,Wholesale,2,59.99,0.1,107.98,68.45,39.53
ORD-01809,2024-10-01,North,Home & Kitchen,Coffee Maker,Corporate,3,59.99,0.2,143.98,89.37,54.61
ORD-01810,2024-05-28,North,Clothing,Dress,Corporate,3,59.99,0.0,179.97,100.55,79.42
ORD-01811,2022-09-20,East,Sports,Dumbbells,Retail,1,34.99,0.05,33.24,17.69,15.55
ORD-01812,2023-03-05,East,Clothing,Jacket,Corporate,4,89.99,0.0,359.96,191.95,168.01
ORD-01813,2023-11-10,South,Clothing,Jacket,Corporate,5,89.99,0.0,449.95,250.27,199.68
ORD-01814,2023-05-01,South,Sports,Resistance Band,Retail,4,15.99,0.0,63.96,31.79,32.17
ORD-01815,2024-02-26,South,Home & Kitchen,Mixer,Corporate,5,39.99,0.05,189.95,103.85,86.1
ORD-01816,2023-06-29,North,Sports,Water Bottle,Wholesale,2,12.99,0.1,23.38,14.47,8.91
ORD-01817,2022-05-01,West,Clothing,Jeans,Retail,1,49.99,0.1,44.99,26.11,18.88
ORD-01818,2023-07-13,East,Sports,Treadmill,Corporate,5,499.0,0.1,2245.5,1197.62,1047.88
ORD-01819,2023-01-21,North,Home & Kitchen,Mixer,Wholesale,2,39.99,0.1,71.98,45.57,26.41
ORD-01820,2023-05-24,West,Sports,Dumbbells,Retail,3,34.99,0.0,104.97,51.9,53.07
ORD-01821,2025-08-27,West,Electronics,Headphones,Corporate,6,149.0,0.05,849.3,486.23,363.07
ORD-01822,2022-11-18,West,Home & Kitchen,Mixer,Wholesale,3,39.99,0.1,107.97,66.7,41.27
ORD-01823,2023-08-07,South,Clothing,Jacket,Wholesale,1,89.99,0.1,80.99,41.2,39.79
ORD-01824,2025-02-05,West,Home & Kitchen,Coffee Maker,Corporate,4,59.99,0.05,227.96,127.78,100.18
ORD-01825,2024-06-08,East,Sports,Yoga Mat,Retail,3,24.99,0.1,67.47,43.14,24.33
ORD-01826,2025-08-11,East,Home & Kitchen,Lamp,Retail,5,24.99,0.0,124.95,72.78,52.17
ORD-01827,2022-09-28,West,Electronics,Laptop,Wholesale,2,899.0,0.2,1438.4,872.48,565.92
ORD-01828,2024-01-02,East,Electronics,Monitor,Retail,3,279.0,0.05,795.15,426.94,368.21
ORD-01829,2024-12-10,West,Sports,Yoga Mat,Retail,7,24.99,0.0,174.93,90.49,84.44
ORD-01830,2023-06-19,South,Clothing,T-Shirt,Corporate,5,19.99,0.0,99.95,45.76,54.19
ORD-01831,2023-04-07,West,Electronics,Laptop,Wholesale,2,899.0,0.1,1618.2,944.11,674.09
ORD-01832,2024-03-04,West,Electronics,Tablet,Retail,3,329.0,0.2,789.6,505.58,284.02
ORD-01833,2022-03-24,South,Electronics,Smartphone,Retail,2,699.0,0.0,1398.0,702.37,695.63
ORD-01834,2025-04-06,East,Clothing,Sneakers,Corporate,2,79.99,0.0,159.98,84.86,75.12
ORD-01835,2025-06-29,East,Home & Kitchen,Lamp,Retail,3,24.99,0.1,67.47,38.1,29.37
ORD-01836,2025-05-29,East,Home & Kitchen,Coffee Maker,Corporate,3,59.99,0.0,179.97,91.59,88.38
ORD-01837,2023-08-08,West,Electronics,Monitor,Retail,8,279.0,0.05,2120.4,1072.9,1047.5
ORD-01838,2022-03-27,West,Electronics,Smartphone,Corporate,2,699.0,0.0,1398.0,803.77,594.23
ORD-01839,2023-03-15,East,Home & Kitchen,Vacuum,Corporate,1,129.99,0.2,103.99,70.7,33.29
ORD-01840,2023-06-01,South,Electronics,Headphones,Retail,1,149.0,0.0,149.0,86.28,62.72
ORD-01841,2024-10-20,West,Home & Kitchen,Vacuum,Wholesale,5,129.99,0.1,584.96,382.25,202.71
ORD-01842,2025-02-22,East,Clothing,T-Shirt,Retail,5,19.99,0.0,99.95,58.24,41.71
ORD-01843,2025-06-22,North,Electronics,Headphones,Retail,1,149.0,0.05,141.55,83.34,58.21
ORD-01844,2022-07-19,North,Home & Kitchen,Coffee Maker,Wholesale,2,59.99,0.1,107.98,67.34,40.64
ORD-01845,2022-06-05,East,Sports,Dumbbells,Wholesale,3,34.99,0.1,94.47,61.38,33.09
ORD-01846,2022-10-18,East,Sports,Yoga Mat,Corporate,1,24.99,0.2,19.99,14.04,5.95
ORD-01847,2022-03-04,West,Clothing,T-Shirt,Corporate,1,19.99,0.0,19.99,10.36,9.63
ORD-01848,2025-11-24,East,Home & Kitchen,Mixer,Corporate,5,39.99,0.05,189.95,91.88,98.07
ORD-01849,2022-11-10,South,Electronics,Monitor,Wholesale,3,279.0,0.1,753.3,430.95,322.35
ORD-01850,2024-04-24,South,Electronics,Tablet,Corporate,1,329.0,0.0,329.0,183.08,145.92
ORD-01851,2024-09-08,South,Home & Kitchen,Mixer,Wholesale,3,39.99,0.1,107.97,58.21,49.76
ORD-01852,2022-01-04,North,Sports,Resistance Band,Corporate,4,15.99,0.0,63.96,35.65,28.31
ORD-01853,2022-04-07,East,Home & Kitchen,Mixer,Wholesale,5,39.99,0.1,179.96,103.66,76.3
ORD-01854,2025-01-20,South,Home & Kitchen,Toaster,Corporate,5,29.99,0.1,134.95,70.75,64.2
ORD-01855,2025-08-02,East,Sports,Yoga Mat,Wholesale,5,24.99,0.1,112.45,63.2,49.25
ORD-01856,2023-08-22,South,Sports,Resistance Band,Retail,4,15.99,0.0,63.96,38.01,25.95
ORD-01857,2025-05-18,East,Clothing,Jacket,Corporate,3,89.99,0.2,215.98,140.38,75.6
ORD-01858,2025-10-25,South,Electronics,Headphones,Wholesale,6,149.0,0.2,715.2,421.75,293.45
ORD-01859,2025-01-11,South,Clothing,Jeans,Retail,4,49.99,0.0,199.96,114.68,85.28
ORD-01860,2024-10-23,North,Electronics,Tablet,Retail,1,329.0,0.1,296.1,180.85,115.25
ORD-01861,2023-04-10,East,Sports,Dumbbells,Wholesale,3,34.99,0.2,83.98,60.41,23.57
ORD-01862,2025-01-28,West,Sports,Yoga Mat,Retail,5,24.99,0.05,118.7,69.12,49.58
ORD-01863,2023-04-08,West,Clothing,Jeans,Wholesale,1,49.99,0.1,44.99,28.49,16.5
ORD-01864,2022-10-23,North,Home & Kitchen,Coffee Maker,Corporate,4,59.99,0.0,239.96,137.69,102.27
ORD-01865,2025-07-31,North,Clothing,T-Shirt,Retail,1,19.99,0.0,19.99,9.88,10.11
ORD-01866,2023-01-16,North,Electronics,Headphones,Corporate,5,149.0,0.05,707.75,440.84,266.91
ORD-01867,2024-04-05,North,Home & Kitchen,Toaster,Wholesale,4,29.99,0.1,107.96,57.73,50.23
ORD-01868,2025-06-22,West,Electronics,Monitor,Wholesale,1,279.0,0.1,251.1,154.87,96.23
ORD-01869,2025-01-08,North,Sports,Resistance Band,Corporate,5,15.99,0.0,79.95,47.36,32.59
ORD-01870,2024-10-01,North,Sports,Dumbbells,Corporate,4,34.99,0.0,139.96,72.95,67.01
ORD-01871,2022-07-08,North,Clothing,T-Shirt,Retail,4,19.99,0.05,75.96,44.97,30.99
ORD-01872,2025-05-21,West,Electronics,Headphones,Wholesale,3,149.0,0.1,402.3,215.67,186.63
ORD-01873,2022-07-14,North,Clothing,Dress,Corporate,1,59.99,0.1,53.99,30.99,23.0
ORD-01874,2023-01-07,West,Home & Kitchen,Lamp,Retail,5,24.99,0.1,112.45,68.48,43.97
ORD-01875,2023-06-03,North,Sports,Yoga Mat,Retail,4,24.99,0.0,99.96,57.78,42.18
ORD-01876,2023-08-18,East,Sports,Dumbbells,Wholesale,2,34.99,0.1,62.98,33.58,29.4
ORD-01877,2023-05-26,North,Sports,Yoga Mat,Retail,4,24.99,0.0,99.96,49.51,50.45
ORD-01878,2023-11-28,West,Clothing,Sneakers,Corporate,1,79.99,0.0,79.99,37.58,42.41
ORD-01879,2025-02-26,North,Sports,Water Bottle,Corporate,3,12.99,0.2,31.18,20.05,11.13
ORD-01880,2024-12-11,East,Electronics,Monitor,Wholesale,3,279.0,0.1,753.3,446.62,306.68
ORD-01881,2022-05-18,North,Electronics,Headphones,Retail,3,149.0,0.1,402.3,262.79,139.51
ORD-01882,2022-09-05,North,Clothing,T-Shirt,Wholesale,5,19.99,0.1,89.95,54.94,35.01
ORD-01883,2025-09-13,East,Home & Kitchen,Vacuum,Wholesale,1,129.99,0.2,103.99,62.11,41.88
ORD-01884,2022-08-26,North,Clothing,Jeans,Corporate,2,49.99,0.0,99.98,46.99,52.99
ORD-01885,2024-03-11,North,Home & Kitchen,Mixer,Corporate,5,39.99,0.0,199.95,93.36,106.59
ORD-01886,2023-06-29,North,Home & Kitchen,Coffee Maker,Retail,3,59.99,0.0,179.97,104.22,75.75
ORD-01887,2023-01-22,West,Sports,Water Bottle,Corporate,1,12.99,0.05,12.34,6.92,5.42
ORD-01888,2025-01-13,North,Clothing,Jeans,Retail,5,49.99,0.0,249.95,144.77,105.18
ORD-01889,2024-09-05,North,Clothing,Jeans,Retail,4,49.99,0.2,159.97,100.83,59.14
ORD-01890,2023-06-22,West,Electronics,Monitor,Corporate,1,279.0,0.0,279.0,133.61,145.39
ORD-01891,2024-02-05,West,Sports,Resistance Band,Corporate,2,15.99,0.0,31.98,16.69,15.29
ORD-01892,2024-04-12,South,Clothing,Dress,Retail,5,59.99,0.0,299.95,157.34,142.61
ORD-01893,2024-06-05,North,Sports,Dumbbells,Retail,5,34.99,0.0,174.95,97.21,77.74
ORD-01894,2025-08-06,North,Home & Kitchen,Toaster,Wholesale,4,29.99,0.1,107.96,62.34,45.62
ORD-01895,2023-09-14,East,Home & Kitchen,Vacuum,Corporate,5,129.99,0.05,617.45,330.12,287.33
ORD-01896,2025-04-22,South,Sports,Treadmill,Wholesale,1,499.0,0.2,399.2,261.2,138.0
ORD-01897,2024-12-27,North,Home & Kitchen,Toaster,Retail,3,29.99,0.0,89.97,48.51,41.46
ORD-01898,2023-10-04,East,Clothing,Dress,Retail,2,59.99,0.0,119.98,71.49,48.49
ORD-01899,2023-11-18,West,Home & Kitchen,Toaster,Corporate,5,29.99,0.2,119.96,71.71,48.25
ORD-01900,2022-10-13,East,Clothing,Jacket,Wholesale,5,89.99,0.1,404.95,224.15,180.8
ORD-01901,2025-04-06,South,Electronics,Headphones,Retail,1,149.0,0.2,119.2,85.61,33.59
ORD-01902,2025-08-19,West,Home & Kitchen,Coffee Maker,Wholesale,4,59.99,0.1,215.96,141.55,74.41
ORD-01903,2025-01-05,East,Clothing,Jacket,Wholesale,5,89.99,0.1,404.95,219.52,185.43
ORD-01904,2025-02-01,West,Electronics,Laptop,Corporate,1,899.0,0.05,854.05,465.87,388.18
ORD-01905,2025-04-10,East,Sports,Yoga Mat,Corporate,3,24.99,0.0,74.97,44.77,30.2
ORD-01906,2024-09-29,North,Sports,Water Bottle,Retail,4,12.99,0.0,51.96,24.31,27.65
ORD-01907,2022-09-09,East,Electronics,Laptop,Retail,1,899.0,0.1,809.1,476.72,332.38
ORD-01908,2022-07-16,West,Clothing,T-Shirt,Corporate,4,19.99,0.0,79.96,40.03,39.93
ORD-01909,2023-07-22,East,Sports,Yoga Mat,Corporate,2,24.99,0.0,49.98,27.13,22.85
ORD-01910,2023-07-01,East,Clothing,Jeans,Retail,1,49.99,0.1,44.99,26.88,18.11
ORD-01911,2022-12-18,West,Clothing,Dress,Corporate,4,59.99,0.0,239.96,111.26,128.7
ORD-01912,2025-06-11,East,Sports,Dumbbells,Retail,1,34.99,0.0,34.99,20.18,14.81
ORD-01913,2023-05-11,West,Clothing,Jeans,Wholesale,2,49.99,0.1,89.98,48.57,41.41
ORD-01914,2024-06-10,West,Sports,Yoga Mat,Wholesale,1,24.99,0.1,22.49,12.78,9.71
ORD-01915,2024-06-25,South,Sports,Resistance Band,Wholesale,4,15.99,0.1,57.56,33.97,23.59
ORD-01916,2023-02-25,West,Sports,Resistance Band,Wholesale,3,15.99,0.1,43.17,25.24,17.93
ORD-01917,2024-06-24,South,Home & Kitchen,Coffee Maker,Corporate,1,59.99,0.1,53.99,34.53,19.46
ORD-01918,2024-02-13,South,Sports,Yoga Mat,Wholesale,2,24.99,0.1,44.98,25.14,19.84
ORD-01919,2023-05-25,East,Clothing,Sneakers,Corporate,5,79.99,0.05,379.95,237.61,142.34
ORD-01920,2025-02-27,South,Electronics,Monitor,Retail,1,279.0,0.0,279.0,140.6,138.4
ORD-01921,2024-10-02,West,Sports,Water Bottle,Wholesale,1,12.99,0.1,11.69,6.29,5.4
ORD-01922,2023-06-17,West,Clothing,Jeans,Corporate,2,49.99,0.2,79.98,52.75,27.23
ORD-01923,2023-02-05,North,Sports,Treadmill,Retail,1,499.0,0.0,499.0,231.28,267.72
ORD-01924,2022-07-09,North,Home & Kitchen,Mixer,Wholesale,5,39.99,0.1,179.96,103.57,76.39
ORD-01925,2022-10-18,West,Home & Kitchen,Coffee Maker,Retail,2,59.99,0.0,119.98,63.36,56.62
ORD-01926,2022-07-08,North,Clothing,Jacket,Retail,5,89.99,0.05,427.45,266.06,161.39
ORD-01927,2023-04-29,North,Clothing,Dress,Wholesale,1,59.99,0.1,53.99,33.95,20.04
ORD-01928,2023-01-02,North,Sports,Resistance Band,Corporate,3,15.99,0.2,38.38,22.87,15.51
ORD-01929,2023-01-18,South,Electronics,Headphones,Corporate,2,149.0,0.1,268.2,170.45,97.75
ORD-01930,2024-10-30,North,Sports,Yoga Mat,Retail,2,24.99,0.0,49.98,26.01,23.97
ORD-01931,2023-05-11,East,Home & Kitchen,Vacuum,Retail,2,129.99,0.05,246.98,123.82,123.16
ORD-01932,2023-05-24,South,Electronics,Laptop,Wholesale,3,899.0,0.1,2427.3,1400.06,1027.24
ORD-01933,2025-10-19,West,Sports,Resistance Band,Corporate,6,15.99,0.1,86.35,48.27,38.08
ORD-01934,2025-03-28,West,Home & Kitchen,Lamp,Retail,4,24.99,0.05,94.96,46.87,48.09
ORD-01935,2023-02-28,North,Home & Kitchen,Toaster,Wholesale,1,29.99,0.1,26.99,17.56,9.43
ORD-01936,2024-02-09,East,Home & Kitchen,Mixer,Retail,3,39.99,0.05,113.97,57.56,56.41
ORD-01937,2023-03-18,West,Clothing,Sneakers,Wholesale,7,79.99,0.2,447.94,263.71,184.23
ORD-01938,2024-03-22,South,Clothing,T-Shirt,Wholesale,2,19.99,0.1,35.98,19.51,16.47
ORD-01939,2024-08-13,West,Home & Kitchen,Coffee Maker,Retail,3,59.99,0.0,179.97,87.61,92.36
ORD-01940,2025-08-03,North,Home & Kitchen,Toaster,Wholesale,1,29.99,0.1,26.99,15.59,11.4
ORD-01941,2025-08-31,West,Electronics,Tablet,Wholesale,3,329.0,0.1,888.3,450.15,438.15
ORD-01942,2022-05-19,East,Home & Kitchen,Coffee Maker,Retail,3,59.99,0.1,161.97,85.47,76.5
ORD-01943,2022-10-26,East,Electronics,Laptop,Wholesale,4,899.0,0.1,3236.4,1818.46,1417.94
ORD-01944,2024-04-06,East,Sports,Treadmill,Retail,5,499.0,0.0,2495.0,1229.38,1265.62
ORD-01945,2024-11-24,North,Sports,Water Bottle,Corporate,4,12.99,0.1,46.76,23.66,23.1
ORD-01946,2025-03-05,North,Clothing,Sneakers,Corporate,3,79.99,0.2,191.98,133.7,58.28
ORD-01947,2025-07-24,East,Clothing,Jeans,Wholesale,2,49.99,0.1,89.98,54.24,35.74
ORD-01948,2024-03-18,South,Electronics,Laptop,Corporate,2,899.0,0.0,1798.0,861.55,936.45
ORD-01949,2023-02-01,West,Clothing,Sneakers,Retail,6,79.99,0.0,479.94,216.01,263.93
ORD-01950,2022-12-01,North,Home & Kitchen,Vacuum,Retail,1,129.99,0.0,129.99,67.63,62.36
ORD-01951,2025-10-09,West,Electronics,Laptop,Wholesale,5,899.0,0.2,3596.0,2683.15,912.85
ORD-01952,2023-06-13,East,Home & Kitchen,Lamp,Corporate,2,24.99,0.2,39.98,27.6,12.38
ORD-01953,2025-04-22,East,Clothing,Jeans,Wholesale,1,49.99,0.1,44.99,26.12,18.87
ORD-01954,2024-11-08,East,Sports,Water Bottle,Wholesale,1,12.99,0.1,11.69,6.43,5.26
ORD-01955,2022-08-07,South,Clothing,Jeans,Retail,2,49.99,0.05,94.98,58.57,36.41
ORD-01956,2025-11-29,East,Sports,Water Bottle,Retail,4,12.99,0.1,46.76,25.96,20.8
ORD-01957,2023-05-12,South,Sports,Dumbbells,Wholesale,3,34.99,0.1,94.47,54.1,40.37
ORD-01958,2022-11-12,West,Sports,Dumbbells,Wholesale,4,34.99,0.1,125.96,69.45,56.51
ORD-01959,2024-10-04,West,Clothing,Sneakers,Retail,5,79.99,0.0,399.95,194.57,205.38
ORD-01960,2023-11-20,South,Home & Kitchen,Lamp,Retail,4,24.99,0.0,99.96,46.49,53.47
ORD-01961,2022-01-18,South,Sports,Water Bottle,Retail,1,12.99,0.2,10.39,7.11,3.28
ORD-01962,2022-01-05,West,Clothing,T-Shirt,Corporate,2,19.99,0.0,39.98,22.06,17.92
ORD-01963,2024-01-02,North,Electronics,Smartphone,Retail,2,699.0,0.0,1398.0,838.03,559.97
ORD-01964,2022-03-22,North,Clothing,Jeans,Corporate,4,49.99,0.05,189.96,93.21,96.75
ORD-01965,2023-08-20,North,Home & Kitchen,Coffee Maker,Wholesale,1,59.99,0.1,53.99,32.45,21.54
ORD-01966,2022-11-19,North,Sports,Resistance Band,Wholesale,2,15.99,0.2,25.58,15.75,9.83
ORD-01967,2023-11-25,South,Sports,Water Bottle,Corporate,3,12.99,0.1,35.07,19.33,15.74
ORD-01968,2025-12-16,West,Sports,Yoga Mat,Retail,4,24.99,0.0,99.96,48.59,51.37
ORD-01969,2025-12-11,South,Electronics,Laptop,Wholesale,1,899.0,0.1,809.1,424.46,384.64
ORD-01970,2022-09-16,South,Electronics,Headphones,Wholesale,3,149.0,0.1,402.3,217.19,185.11
ORD-01971,2024-06-10,West,Electronics,Tablet,Wholesale,6,329.0,0.1,1776.6,1082.6,694.0
ORD-01972,2022-11-17,West,Clothing,Jacket,Wholesale,1,89.99,0.1,80.99,45.75,35.24
ORD-01973,2024-08-07,West,Home & Kitchen,Vacuum,Wholesale,2,129.99,0.2,207.98,154.69,53.29
ORD-01974,2025-09-10,East,Clothing,T-Shirt,Wholesale,2,19.99,0.1,35.98,20.48,15.5
ORD-01975,2023-11-17,South,Electronics,Smartphone,Retail,2,699.0,0.05,1328.1,829.8,498.3
ORD-01976,2023-01-05,West,Electronics,Laptop,Retail,5,899.0,0.0,4495.0,2250.09,2244.91
ORD-01977,2024-09-15,South,Clothing,Jeans,Corporate,3,49.99,0.2,119.98,82.3,37.68
ORD-01978,2024-10-31,East,Sports,Resistance Band,Retail,5,15.99,0.1,71.95,47.09,24.86
ORD-01979,2024-06-09,North,Sports,Resistance Band,Wholesale,5,15.99,0.1,71.95,42.44,29.51
ORD-01980,2022-04-02,East,Home & Kitchen,Mixer,Retail,4,39.99,0.1,143.96,87.03,56.93
ORD-01981,2024-08-29,West,Sports,Resistance Band,Retail,5,15.99,0.0,79.95,45.99,33.96
ORD-01982,2024-07-09,East,Home & Kitchen,Mixer,Wholesale,2,39.99,0.2,63.98,46.84,17.14
ORD-01983,2024-03-19,East,Electronics,Tablet,Retail,1,329.0,0.05,312.55,159.84,152.71
ORD-01984,2024-05-30,North,Electronics,Headphones,Retail,6,149.0,0.1,804.6,528.34,276.26
ORD-01985,2024-10-24,East,Electronics,Monitor,Retail,4,279.0,0.2,892.8,594.66,298.14
ORD-01986,2023-04-26,West,Home & Kitchen,Coffee Maker,Retail,6,59.99,0.0,359.94,198.96,160.98
ORD-01987,2023-11-05,South,Sports,Dumbbells,Corporate,1,34.99,0.0,34.99,20.63,14.36
ORD-01988,2023-06-13,South,Home & Kitchen,Toaster,Retail,4,29.99,0.0,119.96,70.28,49.68
ORD-01989,2022-12-02,East,Electronics,Headphones,Retail,4,149.0,0.2,476.8,317.25,159.55
ORD-01990,2022-06-06,South,Electronics,Laptop,Retail,1,899.0,0.0,899.0,534.7,364.3
ORD-01991,2024-07-13,East,Electronics,Tablet,Corporate,5,329.0,0.0,1645.0,859.0,786.0
ORD-01992,2023-07-24,North,Home & Kitchen,Mixer,Retail,3,39.99,0.0,119.97,60.97,59.0
ORD-01993,2025-01-21,East,Electronics,Tablet,Retail,1,329.0,0.0,329.0,155.25,173.75
ORD-01994,2024-12-05,South,Sports,Treadmill,Wholesale,1,499.0,0.1,449.1,288.43,160.67
ORD-01995,2022-08-01,West,Clothing,Jeans,Corporate,2,49.99,0.05,94.98,56.59,38.39
ORD-01996,2025-11-29,North,Clothing,Sneakers,Corporate,5,79.99,0.05,379.95,203.21,176.74
ORD-01997,2024-01-26,South,Electronics,Laptop,Corporate,3,899.0,0.1,2427.3,1357.44,1069.86
ORD-01998,2024-02-02,East,Sports,Dumbbells,Retail,3,34.99,0.05,99.72,48.58,51.14
ORD-01999,2025-05-02,North,Clothing,Sneakers,Corporate,4,79.99,0.1,287.96,191.79,96.17
ORD-02000,2023-11-29,North,Electronics,Headphones,Retail,1,149.0,0.05,141.55,73.61,67.94
ORD-02001,2022-04-23,East,Clothing,Jacket,Wholesale,4,89.99,0.1,323.96,177.14,146.82
ORD-02002,2022-06-02,East,Electronics,Monitor,Wholesale,3,279.0,0.1,753.3,379.5,373.8
ORD-02003,2023-11-03,South,Electronics,Smartphone,Retail,5,699.0,0.0,3495.0,1762.81,1732.19
ORD-02004,2023-06-26,East,Home & Kitchen,Mixer,Retail,2,39.99,0.1,71.98,38.54,33.44
ORD-02005,2023-04-20,North,Home & Kitchen,Toaster,Retail,5,29.99,0.1,134.95,88.01,46.94
ORD-02006,2025-12-30,East,Home & Kitchen,Mixer,Wholesale,4,39.99,0.1,143.96,79.47,64.49
ORD-02007,2022-07-10,East,Home & Kitchen,Mixer,Corporate,2,39.99,0.0,79.98,37.12,42.86
ORD-02008,2022-01-09,North,Sports,Dumbbells,Retail,4,34.99,0.0,139.96,71.51,68.45
ORD-02009,2023-06-26,South,Clothing,T-Shirt,Corporate,3,19.99,0.0,59.97,28.65,31.32
ORD-02010,2025-12-06,North,Electronics,Monitor,Corporate,2,279.0,0.0,558.0,265.28,292.72
ORD-02011,2024-11-09,South,Sports,Dumbbells,Corporate,5,34.99,0.0,174.95,93.86,81.09
ORD-02012,2023-01-20,West,Clothing,T-Shirt,Corporate,4,19.99,0.2,63.97,40.64,23.33
ORD-02013,2023-08-23,East,Clothing,Sneakers,Wholesale,5,79.99,0.1,359.95,234.62,125.33
ORD-02014,2023-07-06,South,Electronics,Monitor,Retail,3,279.0,0.05,795.15,376.83,418.32
ORD-02015,2024-04-10,South,Home & Kitchen,Coffee Maker,Corporate,5,59.99,0.0,299.95,171.62,128.33
ORD-02016,2022-09-03,South,Clothing,T-Shirt,Corporate,2,19.99,0.0,39.98,22.46,17.52
ORD-02017,2022-05-28,West,Clothing,Jeans,Retail,4,49.99,0.1,179.96,90.07,89.89
ORD-02018,2022-08-15,North,Sports,Dumbbells,Retail,3,34.99,0.0,104.97,54.28,50.69
ORD-02019,2025-08-20,North,Home & Kitchen,Toaster,Corporate,4,29.99,0.05,113.96,65.85,48.11
ORD-02020,2023-07-18,West,Clothing,Jeans,Corporate,2,49.99,0.0,99.98,58.04,41.94
ORD-02021,2023-05-13,West,Sports,Treadmill,Retail,3,499.0,0.0,1497.0,770.95,726.05
ORD-02022,2022-05-06,North,Sports,Resistance Band,Wholesale,3,15.99,0.1,43.17,24.56,18.61
ORD-02023,2022-10-16,East,Home & Kitchen,Coffee Maker,Corporate,4,59.99,0.0,239.96,125.02,114.94
ORD-02024,2022-05-14,West,Home & Kitchen,Toaster,Wholesale,2,29.99,0.2,47.98,34.76,13.22
ORD-02025,2024-03-10,East,Clothing,Sneakers,Retail,2,79.99,0.05,151.98,93.7,58.28
ORD-02026,2023-04-26,West,Sports,Yoga Mat,Corporate,6,24.99,0.0,149.94,69.94,80.0
ORD-02027,2024-01-30,East,Electronics,Headphones,Retail,6,149.0,0.2,715.2,456.44,258.76
ORD-02028,2025-03-07,North,Clothing,Jacket,Corporate,3,89.99,0.0,269.97,152.17,117.8
ORD-02029,2025-02-12,South,Sports,Resistance Band,Wholesale,1,15.99,0.1,14.39,9.49,4.9
ORD-02030,2025-11-13,West,Home & Kitchen,Mixer,Corporate,4,39.99,0.0,159.96,89.56,70.4
ORD-02031,2024-05-20,East,Home & Kitchen,Lamp,Corporate,2,24.99,0.2,39.98,25.5,14.48
ORD-02032,2025-03-03,East,Electronics,Monitor,Wholesale,4,279.0,0.1,1004.4,556.56,447.84
ORD-02033,2024-01-01,West,Clothing,Dress,Retail,3,59.99,0.05,170.97,106.83,64.14
ORD-02034,2025-11-13,North,Electronics,Tablet,Wholesale,1,329.0,0.1,296.1,158.16,137.94
ORD-02035,2024-12-31,North,Electronics,Tablet,Retail,4,329.0,0.0,1316.0,737.89,578.11
ORD-02036,2024-01-30,North,Electronics,Headphones,Wholesale,1,149.0,0.1,134.1,69.74,64.36
ORD-02037,2025-08-09,West,Clothing,T-Shirt,Wholesale,4,19.99,0.1,71.96,37.41,34.55
ORD-02038,2025-05-10,South,Electronics,Monitor,Corporate,3,279.0,0.2,669.6,471.73,197.87
ORD-02039,2022-01-14,West,Clothing,Sneakers,Corporate,2,79.99,0.1,143.98,85.98,58.0
ORD-02040,2023-07-23,North,Sports,Treadmill,Retail,3,499.0,0.05,1422.15,798.56,623.59
ORD-02041,2022-02-25,North,Electronics,Headphones,Retail,1,149.0,0.0,149.0,72.28,76.72
ORD-02042,2023-01-03,South,Clothing,Jeans,Corporate,2,49.99,0.0,99.98,51.9,48.08
ORD-02043,2024-07-09,South,Clothing,T-Shirt,Retail,1,19.99,0.2,15.99,11.73,4.26
ORD-02044,2024-01-21,East,Sports,Yoga Mat,Retail,1,24.99,0.0,24.99,13.02,11.97
ORD-02045,2022-12-17,East,Electronics,Tablet,Retail,2,329.0,0.05,625.1,306.81,318.29
ORD-02046,2023-03-10,North,Clothing,Sneakers,Retail,1,79.99,0.05,75.99,38.75,37.24
ORD-02047,2023-06-30,East,Sports,Yoga Mat,Retail,5,24.99,0.1,112.45,68.61,43.84
ORD-02048,2024-07-08,West,Clothing,Dress,Corporate,4,59.99,0.0,239.96,129.8,110.16
ORD-02049,2022-02-11,South,Sports,Treadmill,Retail,4,499.0,0.1,1796.4,1037.38,759.02
ORD-02050,2025-04-05,North,Clothing,T-Shirt,Retail,2,19.99,0.2,31.98,22.19,9.79
ORD-02051,2025-02-21,West,Sports,Resistance Band,Retail,1,15.99,0.0,15.99,8.49,7.5
ORD-02052,2022-09-16,South,Electronics,Tablet,Corporate,5,329.0,0.0,1645.0,799.84,845.16
ORD-02053,2022-06-21,East,Electronics,Headphones,Retail,2,149.0,0.0,298.0,171.12,126.88
ORD-02054,2024-05-25,West,Clothing,Jeans,Corporate,2,49.99,0.0,99.98,52.76,47.22
ORD-02055,2024-06-24,North,Sports,Resistance Band,Wholesale,1,15.99,0.2,12.79,9.02,3.77
ORD-02056,2022-12-04,East,Home & Kitchen,Mixer,Corporate,1,39.99,0.0,39.99,22.67,17.32
ORD-02057,2025-11-15,North,Electronics,Laptop,Corporate,2,899.0,0.2,1438.4,1027.01,411.39
ORD-02058,2022-06-16,North,Clothing,Sneakers,Corporate,1,79.99,0.05,75.99,45.4,30.59
ORD-02059,2025-08-19,East,Electronics,Tablet,Corporate,1,329.0,0.0,329.0,163.49,165.51
ORD-02060,2022-08-24,East,Home & Kitchen,Toaster,Retail,2,29.99,0.0,59.98,31.9,28.08
ORD-02061,2025-05-14,West,Home & Kitchen,Vacuum,Wholesale,7,129.99,0.1,818.94,430.02,388.92
ORD-02062,2024-10-23,North,Home & Kitchen,Vacuum,Wholesale,4,129.99,0.1,467.96,273.54,194.42
ORD-02063,2022-02-23,North,Electronics,Laptop,Wholesale,3,899.0,0.1,2427.3,1353.36,1073.94
ORD-02064,2022-07-01,East,Home & Kitchen,Lamp,Retail,2,24.99,0.05,47.48,25.32,22.16
ORD-02065,2023-04-28,West,Clothing,Jacket,Retail,5,89.99,0.0,449.95,227.42,222.53
ORD-02066,2024-01-20,East,Clothing,Dress,Corporate,4,59.99,0.2,191.97,109.49,82.48
ORD-02067,2022-03-22,West,Electronics,Monitor,Corporate,2,279.0,0.1,502.2,297.83,204.37
ORD-02068,2023-12-29,North,Clothing,Jeans,Retail,1,49.99,0.0,49.99,24.5,25.49
ORD-02069,2022-09-08,West,Home & Kitchen,Lamp,Wholesale,1,24.99,0.1,22.49,14.01,8.48
ORD-02070,2025-07-05,East,Clothing,Dress,Retail,4,59.99,0.05,227.96,139.67,88.29
ORD-02071,2024-11-22,South,Sports,Yoga Mat,Wholesale,5,24.99,0.2,99.96,57.43,42.53
ORD-02072,2023-05-12,South,Electronics,Smartphone,Corporate,4,699.0,0.0,2796.0,1562.68,1233.32
ORD-02073,2025-03-16,East,Sports,Treadmill,Wholesale,2,499.0,0.1,898.2,485.43,412.77
ORD-02074,2022-09-25,East,Sports,Yoga Mat,Wholesale,1,24.99,0.1,22.49,14.85,7.64
ORD-02075,2022-06-18,West,Electronics,Monitor,Wholesale,4,279.0,0.1,1004.4,561.57,442.83
ORD-02076,2023-08-19,North,Clothing,Sneakers,Wholesale,2,79.99,0.2,127.98,88.21,39.77
ORD-02077,2025-01-18,South,Home & Kitchen,Coffee Maker,Wholesale,1,59.99,0.2,47.99,27.76,20.23
ORD-02078,2023-09-23,West,Home & Kitchen,Toaster,Retail,6,29.99,0.1,161.95,94.61,67.34
ORD-02079,2023-04-08,North,Home & Kitchen,Coffee Maker,Retail,5,59.99,0.2,239.96,157.52,82.44
ORD-02080,2023-07-19,East,Clothing,Sneakers,Corporate,5,79.99,0.2,319.96,183.67,136.29
ORD-02081,2023-11-28,North,Home & Kitchen,Mixer,Retail,3,39.99,0.0,119.97,57.67,62.3
ORD-02082,2023-03-04,East,Clothing,Dress,Corporate,3,59.99,0.1,161.97,89.49,72.48
ORD-02083,2022-09-08,West,Clothing,Jeans,Corporate,1,49.99,0.2,39.99,26.99,13.0
ORD-02084,2024-08-13,North,Electronics,Tablet,Retail,1,329.0,0.0,329.0,179.18,149.82
ORD-02085,2024-10-05,South,Clothing,Sneakers,Wholesale,3,79.99,0.1,215.97,109.4,106.57
ORD-02086,2022-03-13,North,Electronics,Tablet,Retail,5,329.0,0.0,1645.0,984.88,660.12
ORD-02087,2024-08-03,West,Electronics,Laptop,Wholesale,1,899.0,0.1,809.1,483.58,325.52
ORD-02088,2024-04-29,North,Clothing,Dress,Wholesale,5,59.99,0.1,269.95,145.97,123.98
ORD-02089,2023-11-15,West,Sports,Treadmill,Corporate,4,499.0,0.1,1796.4,934.04,862.36
ORD-02090,2024-04-30,North,Clothing,Sneakers,Retail,3,79.99,0.1,215.97,136.5,79.47
ORD-02091,2022-04-29,North,Home & Kitchen,Lamp,Corporate,1,24.99,0.0,24.99,14.51,10.48
ORD-02092,2025-03-23,East,Electronics,Tablet,Wholesale,2,329.0,0.1,592.2,348.4,243.8
ORD-02093,2022-02-24,South,Sports,Yoga Mat,Retail,2,24.99,0.2,39.98,23.67,16.31
ORD-02094,2025-05-27,South,Electronics,Smartphone,Retail,3,699.0,0.0,2097.0,1075.22,1021.78
ORD-02095,2023-06-07,North,Home & Kitchen,Coffee Maker,Corporate,5,59.99,0.1,269.95,153.3,116.65
ORD-02096,2022-03-29,East,Electronics,Headphones,Corporate,2,149.0,0.05,283.1,153.26,129.84
ORD-02097,2022-04-05,North,Electronics,Smartphone,Retail,5,699.0,0.0,3495.0,2064.94,1430.06
ORD-02098,2022-04-24,South,Home & Kitchen,Vacuum,Retail,4,129.99,0.1,467.96,240.88,227.08
ORD-02099,2024-03-02,South,Sports,Dumbbells,Retail,3,34.99,0.2,83.98,50.59,33.39
ORD-02100,2023-03-24,East,Home & Kitchen,Toaster,Retail,1,29.99,0.05,28.49,15.79,12.7
ORD-02101,2024-06-12,North,Sports,Water Bottle,Retail,4,12.99,0.1,46.76,28.4,18.36
ORD-02102,2025-06-26,South,Home & Kitchen,Toaster,Corporate,1,29.99,0.0,29.99,14.58,15.41
ORD-02103,2022-01-11,West,Clothing,Jacket,Corporate,3,89.99,0.2,215.98,158.45,57.53
ORD-02104,2024-12-18,South,Sports,Dumbbells,Corporate,2,34.99,0.0,69.98,38.26,31.72
ORD-02105,2022-09-12,North,Electronics,Headphones,Retail,4,149.0,0.0,596.0,322.35,273.65
ORD-02106,2024-11-05,East,Electronics,Headphones,Wholesale,3,149.0,0.1,402.3,249.07,153.23
ORD-02107,2023-06-07,South,Sports,Resistance Band,Wholesale,5,15.99,0.1,71.95,47.28,24.67
ORD-02108,2025-07-02,West,Home & Kitchen,Lamp,Corporate,7,24.99,0.2,139.94,97.87,42.07
ORD-02109,2024-07-23,North,Home & Kitchen,Coffee Maker,Corporate,5,59.99,0.0,299.95,161.04,138.91
ORD-02110,2025-03-10,South,Clothing,Jacket,Corporate,5,89.99,0.0,449.95,222.35,227.6
ORD-02111,2023-09-27,South,Clothing,Jeans,Retail,1,49.99,0.0,49.99,28.79,21.2
ORD-02112,2023-08-26,South,Sports,Water Bottle,Retail,5,12.99,0.1,58.46,38.59,19.87
ORD-02113,2024-04-15,North,Sports,Yoga Mat,Wholesale,4,24.99,0.2,79.97,46.75,33.22
ORD-02114,2022-03-04,West,Clothing,Jeans,Corporate,3,49.99,0.2,119.98,72.62,47.36
ORD-02115,2023-03-28,East,Home & Kitchen,Coffee Maker,Corporate,5,59.99,0.0,299.95,164.55,135.4
ORD-02116,2022-02-05,East,Electronics,Headphones,Corporate,5,149.0,0.0,745.0,444.94,300.06
ORD-02117,2025-03-05,West,Home & Kitchen,Mixer,Wholesale,7,39.99,0.1,251.94,143.03,108.91
ORD-02118,2025-01-20,South,Sports,Treadmill,Wholesale,1,499.0,0.1,449.1,253.18,195.92
ORD-02119,2023-12-07,West,Electronics,Smartphone,Corporate,1,699.0,0.0,699.0,385.01,313.99
ORD-02120,2022-10-26,South,Home & Kitchen,Lamp,Retail,3,24.99,0.0,74.97,36.57,38.4
ORD-02121,2023-07-01,West,Clothing,Jeans,Wholesale,7,49.99,0.1,314.94,202.07,112.87
ORD-02122,2025-07-06,North,Electronics,Smartphone,Corporate,5,699.0,0.0,3495.0,1576.16,1918.84
ORD-02123,2024-06-08,West,Sports,Dumbbells,Retail,1,34.99,0.05,33.24,18.39,14.85
ORD-02124,2022-06-16,South,Home & Kitchen,Mixer,Retail,1,39.99,0.0,39.99,20.25,19.74
ORD-02125,2025-06-07,East,Electronics,Headphones,Wholesale,4,149.0,0.2,476.8,296.93,179.87
ORD-02126,2024-04-15,South,Clothing,Dress,Retail,4,59.99,0.2,191.97,122.78,69.19
ORD-02127,2022-04-14,East,Clothing,Jacket,Wholesale,3,89.99,0.1,242.97,157.76,85.21
ORD-02128,2024-06-25,East,Sports,Yoga Mat,Retail,1,24.99,0.2,19.99,14.78,5.21
ORD-02129,2024-04-05,West,Clothing,Dress,Corporate,2,59.99,0.1,107.98,68.36,39.62
ORD-02130,2024-10-04,West,Sports,Dumbbells,Wholesale,2,34.99,0.1,62.98,32.19,30.79
ORD-02131,2022-02-16,West,Home & Kitchen,Mixer,Retail,2,39.99,0.05,75.98,38.78,37.2
ORD-02132,2023-10-06,East,Clothing,Jeans,Corporate,3,49.99,0.05,142.47,69.93,72.54
ORD-02133,2022-06-12,West,Electronics,Smartphone,Retail,1,699.0,0.0,699.0,314.6,384.4
ORD-02134,2023-03-25,West,Clothing,Dress,Wholesale,2,59.99,0.1,107.98,63.82,44.16
ORD-02135,2024-02-10,North,Clothing,Jeans,Corporate,4,49.99,0.0,199.96,116.72,83.24
ORD-02136,2023-08-31,East,Home & Kitchen,Lamp,Corporate,1,24.99,0.2,19.99,14.85,5.14
ORD-02137,2023-10-24,North,Clothing,Sneakers,Retail,3,79.99,0.1,215.97,109.53,106.44
ORD-02138,2024-06-02,East,Home & Kitchen,Mixer,Wholesale,2,39.99,0.1,71.98,38.45,33.53
ORD-02139,2022-07-28,West,Sports,Resistance Band,Wholesale,1,15.99,0.1,14.39,8.97,5.42
ORD-02140,2025-09-28,South,Clothing,T-Shirt,Wholesale,1,19.99,0.1,17.99,10.91,7.08
ORD-02141,2025-04-21,South,Electronics,Smartphone,Corporate,3,699.0,0.05,1992.15,997.63,994.52
ORD-02142,2023-11-28,West,Sports,Yoga Mat,Corporate,6,24.99,0.0,149.94,87.15,62.79
ORD-02143,2023-05-13,North,Clothing,Dress,Retail,3,59.99,0.05,170.97,81.77,89.2
ORD-02144,2025-03-18,West,Electronics,Monitor,Retail,7,279.0,0.05,1855.35,1078.27,777.08
ORD-02145,2024-07-17,West,Electronics,Monitor,Retail,4,279.0,0.0,1116.0,646.18,469.82
ORD-02146,2024-01-18,North,Sports,Resistance Band,Retail,2,15.99,0.0,31.98,17.55,14.43
ORD-02147,2023-01-05,South,Home & Kitchen,Toaster,Corporate,2,29.99,0.0,59.98,35.92,24.06
ORD-02148,2025-09-12,East,Electronics,Headphones,Wholesale,6,149.0,0.1,804.6,494.39,310.21
ORD-02149,2025-03-12,South,Electronics,Tablet,Corporate,1,329.0,0.1,296.1,154.9,141.2
ORD-02150,2024-03-25,West,Electronics,Tablet,Corporate,7,329.0,0.0,2303.0,1184.88,1118.12
ORD-02151,2025-01-14,East,Electronics,Smartphone,Retail,2,699.0,0.0,1398.0,807.53,590.47
ORD-02152,2025-05-24,South,Sports,Resistance Band,Corporate,3,15.99,0.1,43.17,28.56,14.61
ORD-02153,2022-09-24,East,Home & Kitchen,Lamp,Corporate,5,24.99,0.1,112.45,68.03,44.42
ORD-02154,2022-06-22,East,Home & Kitchen,Vacuum,Retail,5,129.99,0.1,584.96,337.12,247.84
ORD-02155,2025-11-24,West,Electronics,Headphones,Retail,2,149.0,0.05,283.1,151.56,131.54
ORD-02156,2025-01-09,South,Electronics,Tablet,Retail,3,329.0,0.0,987.0,586.8,400.2
ORD-02157,2025-07-09,West,Sports,Resistance Band,Corporate,6,15.99,0.1,86.35,45.33,41.02
ORD-02158,2025-03-22,West,Sports,Yoga Mat,Corporate,2,24.99,0.1,44.98,23.96,21.02
ORD-02159,2022-03-20,East,Electronics,Monitor,Corporate,2,279.0,0.0,558.0,281.96,276.04
ORD-02160,2023-07-06,North,Home & Kitchen,Vacuum,Corporate,4,129.99,0.2,415.97,282.3,133.67
ORD-02161,2024-07-24,North,Electronics,Laptop,Corporate,1,899.0,0.1,809.1,428.27,380.83
ORD-02162,2023-12-03,East,Home & Kitchen,Toaster,Corporate,2,29.99,0.1,53.98,30.53,23.45
ORD-02163,2024-03-18,South,Clothing,Jacket,Retail,5,89.99,0.0,449.95,215.01,234.94
ORD-02164,2025-07-22,South,Home & Kitchen,Vacuum,Corporate,2,129.99,0.0,259.98,138.29,121.69
ORD-02165,2022-07-31,East,Sports,Yoga Mat,Wholesale,3,24.99,0.1,67.47,41.43,26.04
ORD-02166,2023-01-18,East,Sports,Yoga Mat,Corporate,3,24.99,0.05,71.22,35.62,35.6
ORD-02167,2022-12-18,West,Clothing,Jeans,Retail,3,49.99,0.2,119.98,75.81,44.17
ORD-02168,2024-10-30,North,Sports,Treadmill,Wholesale,3,499.0,0.1,1347.3,887.34,459.96
ORD-02169,2024-11-28,East,Sports,Resistance Band,Wholesale,3,15.99,0.1,43.17,25.97,17.2
ORD-02170,2025-10-24,East,Home & Kitchen,Coffee Maker,Corporate,1,59.99,0.0,59.99,29.75,30.24
ORD-02171,2022-09-03,North,Electronics,Monitor,Corporate,5,279.0,0.0,1395.0,669.42,725.58
ORD-02172,2023-11-15,South,Home & Kitchen,Mixer,Wholesale,1,39.99,0.1,35.99,19.26,16.73
ORD-02173,2022-06-30,East,Home & Kitchen,Vacuum,Retail,1,129.99,0.0,129.99,74.63,55.36
ORD-02174,2022-08-08,South,Clothing,Jacket,Wholesale,5,89.99,0.1,404.95,257.66,147.29
ORD-02175,2024-12-10,North,Clothing,Sneakers,Corporate,4,79.99,0.0,319.96,146.18,173.78
ORD-02176,2023-06-29,South,Electronics,Headphones,Wholesale,1,149.0,0.1,134.1,71.01,63.09
ORD-02177,2025-06-14,North,Sports,Resistance Band,Retail,1,15.99,0.1,14.39,8.95,5.44
ORD-02178,2024-09-05,North,Home & Kitchen,Toaster,Corporate,2,29.99,0.0,59.98,34.59,25.39
ORD-02179,2025-02-16,East,Sports,Yoga Mat,Wholesale,2,24.99,0.1,44.98,26.67,18.31
ORD-02180,2024-05-02,North,Home & Kitchen,Lamp,Wholesale,5,24.99,0.1,112.45,71.08,41.37
ORD-02181,2025-01-08,West,Home & Kitchen,Toaster,Wholesale,1,29.99,0.2,23.99,15.02,8.97
ORD-02182,2025-10-02,East,Home & Kitchen,Lamp,Wholesale,4,24.99,0.1,89.96,56.93,33.03
ORD-02183,2025-12-30,East,Clothing,Dress,Retail,2,59.99,0.0,119.98,71.23,48.75
ORD-02184,2022-06-19,West,Home & Kitchen,Mixer,Retail,3,39.99,0.0,119.97,69.87,50.1
ORD-02185,2022-11-16,East,Home & Kitchen,Coffee Maker,Retail,5,59.99,0.2,239.96,174.5,65.46
ORD-02186,2023-04-30,South,Electronics,Headphones,Wholesale,2,149.0,0.1,268.2,148.58,119.62
ORD-02187,2022-03-11,South,Sports,Resistance Band,Wholesale,2,15.99,0.2,25.58,14.87,10.71
ORD-02188,2023-08-06,West,Sports,Resistance Band,Corporate,7,15.99,0.05,106.33,52.79,53.54
ORD-02189,2023-03-31,West,Sports,Water Bottle,Retail,4,12.99,0.0,51.96,29.2,22.76
ORD-02190,2024-01-21,South,Home & Kitchen,Toaster,Retail,2,29.99,0.0,59.98,31.72,28.26
ORD-02191,2025-12-20,North,Clothing,Jeans,Retail,1,49.99,0.0,49.99,24.0,25.99
ORD-02192,2025-08-14,North,Home & Kitchen,Lamp,Retail,1,24.99,0.0,24.99,12.66,12.33
ORD-02193,2022-07-04,South,Sports,Treadmill,Corporate,4,499.0,0.0,1996.0,959.26,1036.74
ORD-02194,2024-08-06,East,Electronics,Tablet,Retail,2,329.0,0.05,625.1,347.29,277.81
ORD-02195,2025-09-24,West,Clothing,Jeans,Wholesale,3,49.99,0.1,134.97,73.34,61.63
ORD-02196,2025-02-25,East,Sports,Yoga Mat,Retail,4,24.99,0.0,99.96,57.92,42.04
ORD-02197,2023-10-29,South,Electronics,Tablet,Corporate,4,329.0,0.2,1052.8,701.52,351.28
ORD-02198,2022-07-29,West,Electronics,Tablet,Retail,2,329.0,0.2,526.4,342.37,184.03
ORD-02199,2024-07-25,South,Clothing,Sneakers,Retail,2,79.99,0.1,143.98,87.72,56.26
ORD-02200,2022-03-01,East,Clothing,Jeans,Corporate,2,49.99,0.1,89.98,59.32,30.66
ORD-02201,2023-03-15,West,Clothing,T-Shirt,Retail,5,19.99,0.2,79.96,57.78,22.18
ORD-02202,2025-08-04,East,Clothing,Dress,Retail,5,59.99,0.0,299.95,145.62,154.33
ORD-02203,2023-10-28,East,Clothing,Dress,Wholesale,5,59.99,0.1,269.95,149.38,120.57
ORD-02204,2023-07-01,West,Electronics,Monitor,Wholesale,6,279.0,0.1,1506.6,793.87,712.73
ORD-02205,2023-08-17,South,Electronics,Tablet,Wholesale,2,329.0,0.1,592.2,353.11,239.09
ORD-02206,2025-06-05,North,Clothing,Sneakers,Retail,5,79.99,0.1,359.95,206.3,153.65
ORD-02207,2025-03-15,South,Sports,Dumbbells,Corporate,2,34.99,0.0,69.98,34.97,35.01
ORD-02208,2025-05-05,West,Sports,Dumbbells,Corporate,2,34.99,0.0,69.98,32.94,37.04
ORD-02209,2024-11-28,South,Clothing,Jeans,Retail,1,49.99,0.2,39.99,28.14,11.85
ORD-02210,2022-10-03,East,Sports,Dumbbells,Retail,5,34.99,0.0,174.95,83.27,91.68
ORD-02211,2023-06-28,West,Sports,Resistance Band,Corporate,6,15.99,0.1,86.35,49.48,36.87
ORD-02212,2023-03-08,East,Home & Kitchen,Coffee Maker,Retail,2,59.99,0.2,95.98,63.62,32.36
ORD-02213,2022-03-24,South,Electronics,Headphones,Corporate,2,149.0,0.05,283.1,162.95,120.15
ORD-02214,2025-03-21,East,Electronics,Monitor,Corporate,1,279.0,0.0,279.0,165.48,113.52
ORD-02215,2025-03-14,North,Electronics,Smartphone,Corporate,4,699.0,0.2,2236.8,1653.2,583.6
ORD-02216,2023-12-15,North,Electronics,Headphones,Corporate,2,149.0,0.2,238.4,172.89,65.51
ORD-02217,2023-01-30,North,Clothing,T-Shirt,Retail,5,19.99,0.05,94.95,59.85,35.1
ORD-02218,2023-03-07,West,Electronics,Tablet,Retail,1,329.0,0.0,329.0,184.16,144.84
ORD-02219,2023-03-01,South,Electronics,Monitor,Retail,4,279.0,0.2,892.8,525.57,367.23
ORD-02220,2025-05-25,North,Electronics,Laptop,Retail,4,899.0,0.0,3596.0,2110.83,1485.17
ORD-02221,2022-09-05,North,Sports,Yoga Mat,Corporate,3,24.99,0.2,59.98,42.09,17.89
ORD-02222,2024-06-15,South,Clothing,Dress,Retail,2,59.99,0.0,119.98,59.28,60.7
ORD-02223,2024-06-02,West,Home & Kitchen,Coffee Maker,Corporate,4,59.99,0.0,239.96,124.37,115.59
ORD-02224,2023-09-10,North,Clothing,Jacket,Retail,2,89.99,0.0,179.98,83.42,96.56
ORD-02225,2025-02-17,West,Clothing,Jacket,Retail,1,89.99,0.0,89.99,53.75,36.24
ORD-02226,2025-05-06,East,Sports,Yoga Mat,Wholesale,1,24.99,0.1,22.49,11.97,10.52
ORD-02227,2023-12-18,West,Electronics,Laptop,Corporate,2,899.0,0.0,1798.0,843.68,954.32
ORD-02228,2025-04-09,West,Electronics,Laptop,Wholesale,2,899.0,0.1,1618.2,860.55,757.65
ORD-02229,2025-01-30,East,Home & Kitchen,Vacuum,Retail,3,129.99,0.0,389.97,187.89,202.08
ORD-02230,2023-06-16,North,Clothing,T-Shirt,Wholesale,2,19.99,0.1,35.98,23.57,12.41
ORD-02231,2022-09-10,East,Clothing,Sneakers,Retail,2,79.99,0.1,143.98,83.87,60.11
ORD-02232,2022-12-07,North,Sports,Dumbbells,Retail,4,34.99,0.05,132.96,81.08,51.88
ORD-02233,2024-04-24,South,Clothing,Jeans,Retail,3,49.99,0.1,134.97,82.11,52.86
ORD-02234,2023-12-03,East,Home & Kitchen,Coffee Maker,Wholesale,1,59.99,0.1,53.99,33.31,20.68
ORD-02235,2022-03-08,South,Electronics,Laptop,Corporate,1,899.0,0.05,854.05,533.55,320.5
ORD-02236,2025-08-03,West,Home & Kitchen,Vacuum,Corporate,4,129.99,0.0,519.96,268.52,251.44
ORD-02237,2023-12-14,East,Home & Kitchen,Vacuum,Retail,2,129.99,0.0,259.98,126.79,133.19
ORD-02238,2022-10-08,East,Sports,Water Bottle,Retail,1,12.99,0.0,12.99,5.93,7.06
ORD-02239,2022-08-31,North,Electronics,Smartphone,Corporate,1,699.0,0.2,559.2,397.65,161.55
ORD-02240,2023-04-16,North,Sports,Water Bottle,Wholesale,3,12.99,0.1,35.07,20.39,14.68
ORD-02241,2024-11-23,North,Electronics,Tablet,Retail,1,329.0,0.2,263.2,166.12,97.08
ORD-02242,2022-10-31,North,Electronics,Headphones,Wholesale,1,149.0,0.1,134.1,78.41,55.69
ORD-02243,2024-07-16,North,Clothing,T-Shirt,Retail,4,19.99,0.2,63.97,38.73,25.24
ORD-02244,2022-04-08,East,Home & Kitchen,Lamp,Wholesale,3,24.99,0.1,67.47,37.11,30.36
ORD-02245,2022-12-25,North,Clothing,T-Shirt,Wholesale,1,19.99,0.1,17.99,10.3,7.69
ORD-02246,2024-12-24,East,Sports,Water Bottle,Retail,4,12.99,0.1,46.76,25.36,21.4
ORD-02247,2023-02-23,North,Electronics,Headphones,Retail,2,149.0,0.0,298.0,161.23,136.77
ORD-02248,2024-06-19,East,Sports,Water Bottle,Corporate,4,12.99,0.0,51.96,24.0,27.96
ORD-02249,2022-05-12,South,Clothing,Sneakers,Wholesale,1,79.99,0.1,71.99,36.69,35.3
ORD-02250,2024-04-05,West,Sports,Dumbbells,Retail,4,34.99,0.2,111.97,75.35,36.62
ORD-02251,2022-08-27,North,Sports,Resistance Band,Wholesale,4,15.99,0.2,51.17,33.27,17.9
ORD-02252,2022-03-18,North,Home & Kitchen,Lamp,Corporate,2,24.99,0.1,44.98,28.25,16.73
ORD-02253,2022-05-20,East,Electronics,Headphones,Retail,2,149.0,0.2,238.4,137.04,101.36
ORD-02254,2022-03-28,East,Electronics,Tablet,Wholesale,3,329.0,0.1,888.3,565.8,322.5
ORD-02255,2025-05-26,West,Clothing,T-Shirt,Wholesale,2,19.99,0.1,35.98,22.1,13.88
ORD-02256,2024-02-22,East,Electronics,Monitor,Wholesale,5,279.0,0.1,1255.5,673.01,582.49
ORD-02257,2022-04-11,West,Sports,Resistance Band,Wholesale,3,15.99,0.1,43.17,27.07,16.1
ORD-02258,2023-01-10,South,Home & Kitchen,Lamp,Wholesale,5,24.99,0.1,112.45,74.89,37.56
ORD-02259,2022-01-31,North,Home & Kitchen,Coffee Maker,Retail,4,59.99,0.2,191.97,113.01,78.96
ORD-02260,2024-08-14,North,Sports,Resistance Band,Retail,2,15.99,0.0,31.98,14.82,17.16
ORD-02261,2022-11-21,North,Home & Kitchen,Mixer,Corporate,5,39.99,0.0,199.95,97.03,102.92
ORD-02262,2025-12-08,West,Clothing,T-Shirt,Corporate,1,19.99,0.0,19.99,11.19,8.8
ORD-02263,2024-10-28,East,Electronics,Laptop,Retail,6,899.0,0.0,5394.0,2673.36,2720.64
ORD-02264,2022-11-26,North,Sports,Treadmill,Retail,5,499.0,0.1,2245.5,1398.74,846.76
ORD-02265,2025-03-15,West,Home & Kitchen,Vacuum,Wholesale,1,129.99,0.1,116.99,74.33,42.66
ORD-02266,2025-01-11,North,Sports,Water Bottle,Retail,3,12.99,0.05,37.02,21.43,15.59
ORD-02267,2023-01-22,West,Electronics,Headphones,Retail,6,149.0,0.2,715.2,413.57,301.63
ORD-02268,2024-11-12,West,Home & Kitchen,Coffee Maker,Retail,6,59.99,0.1,323.95,210.77,113.18
ORD-02269,2024-08-06,West,Sports,Dumbbells,Retail,2,34.99,0.0,69.98,33.9,36.08
ORD-02270,2023-06-14,North,Sports,Dumbbells,Corporate,3,34.99,0.05,99.72,47.93,51.79
ORD-02271,2025-08-08,South,Clothing,Sneakers,Corporate,3,79.99,0.2,191.98,140.16,51.82
ORD-02272,2025-02-06,South,Home & Kitchen,Vacuum,Wholesale,3,129.99,0.1,350.97,221.06,129.91
ORD-02273,2025-04-04,West,Clothing,Jacket,Wholesale,1,89.99,0.1,80.99,49.97,31.02
ORD-02274,2025-06-02,West,Sports,Resistance Band,Wholesale,2,15.99,0.1,28.78,16.45,12.33
ORD-02275,2024-07-16,East,Clothing,T-Shirt,Wholesale,4,19.99,0.1,71.96,37.82,34.14
ORD-02276,2022-07-29,West,Clothing,Jeans,Wholesale,3,49.99,0.1,134.97,86.06,48.91
ORD-02277,2023-07-18,South,Electronics,Tablet,Wholesale,6,329.0,0.1,1776.6,967.04,809.56
ORD-02278,2024-12-26,South,Electronics,Monitor,Corporate,2,279.0,0.05,530.1,291.24,238.86
ORD-02279,2024-06-30,North,Sports,Dumbbells,Retail,5,34.99,0.0,174.95,81.07,93.88
ORD-02280,2023-03-16,North,Clothing,Jacket,Retail,5,89.99,0.2,359.96,257.47,102.49
ORD-02281,2024-04-14,North,Clothing,Jeans,Retail,4,49.99,0.2,159.97,102.21,57.76
ORD-02282,2023-12-01,South,Clothing,T-Shirt,Retail,3,19.99,0.0,59.97,31.99,27.98
ORD-02283,2024-03-31,East,Electronics,Smartphone,Wholesale,4,699.0,0.1,2516.4,1572.95,943.45
ORD-02284,2022-10-24,East,Electronics,Tablet,Retail,1,329.0,0.2,263.2,149.61,113.59
ORD-02285,2025-11-28,East,Home & Kitchen,Mixer,Retail,5,39.99,0.05,189.95,102.04,87.91
ORD-02286,2024-08-20,West,Electronics,Tablet,Corporate,2,329.0,0.1,592.2,370.42,221.78
ORD-02287,2022-03-27,North,Sports,Water Bottle,Retail,5,12.99,0.0,64.95,30.17,34.78
ORD-02288,2024-06-25,East,Sports,Resistance Band,Corporate,1,15.99,0.0,15.99,9.21,6.78
ORD-02289,2023-01-14,West,Sports,Treadmill,Retail,5,499.0,0.2,1996.0,1324.25,671.75
ORD-02290,2025-12-02,West,Sports,Treadmill,Retail,5,499.0,0.0,2495.0,1380.49,1114.51
ORD-02291,2023-11-02,East,Home & Kitchen,Toaster,Retail,1,29.99,0.0,29.99,14.05,15.94
ORD-02292,2025-05-11,South,Electronics,Monitor,Retail,2,279.0,0.05,530.1,325.52,204.58
ORD-02293,2023-12-21,North,Electronics,Monitor,Corporate,1,279.0,0.2,223.2,128.14,95.06
ORD-02294,2025-01-06,West,Clothing,Sneakers,Retail,3,79.99,0.2,191.98,131.3,60.68
ORD-02295,2024-11-20,East,Home & Kitchen,Toaster,Retail,5,29.99,0.0,149.95,76.0,73.95
ORD-02296,2022-04-11,North,Home & Kitchen,Coffee Maker,Wholesale,3,59.99,0.1,161.97,107.21,54.76
ORD-02297,2023-01-02,North,Home & Kitchen,Vacuum,Corporate,4,129.99,0.2,415.97,301.46,114.51
ORD-02298,2025-02-14,West,Sports,Water Bottle,Retail,3,12.99,0.05,37.02,19.07,17.95
ORD-02299,2023-09-29,East,Sports,Treadmill,Retail,4,499.0,0.05,1896.2,999.97,896.23
ORD-02300,2025-03-15,West,Home & Kitchen,Toaster,Retail,2,29.99,0.1,53.98,34.24,19.74
ORD-02301,2024-05-20,South,Clothing,Jacket,Retail,3,89.99,0.05,256.47,156.96,99.51
ORD-02302,2025-07-21,South,Sports,Treadmill,Corporate,3,499.0,0.0,1497.0,697.99,799.01
ORD-02303,2023-11-16,East,Clothing,T-Shirt,Wholesale,1,19.99,0.2,15.99,11.79,4.2
ORD-02304,2022-11-25,South,Electronics,Smartphone,Wholesale,1,699.0,0.1,629.1,359.44,269.66
ORD-02305,2025-11-22,West,Home & Kitchen,Vacuum,Retail,2,129.99,0.1,233.98,119.62,114.36
ORD-02306,2022-08-01,North,Clothing,Jacket,Corporate,1,89.99,0.0,89.99,45.52,44.47
ORD-02307,2023-05-30,West,Electronics,Laptop,Wholesale,4,899.0,0.1,3236.4,2147.88,1088.52
ORD-02308,2025-12-27,West,Clothing,Jeans,Wholesale,1,49.99,0.1,44.99,29.11,15.88
ORD-02309,2024-06-28,North,Home & Kitchen,Vacuum,Wholesale,2,129.99,0.2,207.98,132.92,75.06
ORD-02310,2022-12-03,West,Electronics,Smartphone,Corporate,1,699.0,0.1,629.1,340.89,288.21
ORD-02311,2024-09-07,East,Clothing,Sneakers,Wholesale,3,79.99,0.2,191.98,129.18,62.8
ORD-02312,2024-12-26,North,Sports,Resistance Band,Wholesale,3,15.99,0.2,38.38,22.8,15.58
ORD-02313,2024-11-18,South,Home & Kitchen,Coffee Maker,Retail,1,59.99,0.2,47.99,32.01,15.98
ORD-02314,2024-10-28,East,Home & Kitchen,Toaster,Wholesale,3,29.99,0.1,80.97,40.91,40.06
ORD-02315,2023-06-06,East,Home & Kitchen,Toaster,Retail,4,29.99,0.0,119.96,67.29,52.67
ORD-02316,2022-06-07,North,Clothing,Jeans,Wholesale,2,49.99,0.2,79.98,59.76,20.22
ORD-02317,2025-01-05,West,Electronics,Monitor,Wholesale,6,279.0,0.1,1506.6,814.29,692.31
ORD-02318,2025-08-14,South,Sports,Yoga Mat,Corporate,1,24.99,0.0,24.99,14.5,10.49
ORD-02319,2025-01-08,West,Clothing,T-Shirt,Retail,4,19.99,0.0,79.96,43.84,36.12
ORD-02320,2022-05-18,West,Clothing,T-Shirt,Wholesale,3,19.99,0.2,47.98,28.73,19.25
ORD-02321,2025-05-31,South,Home & Kitchen,Lamp,Retail,5,24.99,0.0,124.95,61.23,63.72
ORD-02322,2023-11-09,South,Home & Kitchen,Mixer,Corporate,1,39.99,0.2,31.99,22.72,9.27
ORD-02323,2022-08-01,North,Sports,Water Bottle,Retail,4,12.99,0.1,46.76,25.62,21.14
ORD-02324,2024-05-20,East,Clothing,Jacket,Wholesale,3,89.99,0.1,242.97,158.61,84.36
ORD-02325,2023-06-20,East,Sports,Dumbbells,Wholesale,5,34.99,0.1,157.46,100.23,57.23
ORD-02326,2025-11-10,North,Sports,Resistance Band,Corporate,5,15.99,0.0,79.95,41.38,38.57
ORD-02327,2022-08-08,North,Home & Kitchen,Coffee Maker,Wholesale,5,59.99,0.1,269.95,141.6,128.35
ORD-02328,2024-10-25,East,Sports,Resistance Band,Corporate,5,15.99,0.1,71.95,41.08,30.87
ORD-02329,2024-12-16,South,Electronics,Headphones,Wholesale,3,149.0,0.2,357.6,210.06,147.54
ORD-02330,2022-08-03,East,Sports,Yoga Mat,Retail,3,24.99,0.05,71.22,36.35,34.87
ORD-02331,2025-05-10,West,Home & Kitchen,Coffee Maker,Corporate,2,59.99,0.0,119.98,68.96,51.02
ORD-02332,2023-04-09,West,Clothing,Dress,Retail,2,59.99,0.0,119.98,56.71,63.27
ORD-02333,2025-08-16,West,Electronics,Monitor,Corporate,3,279.0,0.0,837.0,441.57,395.43
ORD-02334,2022-04-12,South,Clothing,Jeans,Retail,1,49.99,0.0,49.99,28.62,21.37
ORD-02335,2023-01-15,South,Clothing,T-Shirt,Wholesale,1,19.99,0.1,17.99,11.07,6.92
ORD-02336,2024-08-02,West,Sports,Dumbbells,Corporate,1,34.99,0.1,31.49,20.16,11.33
ORD-02337,2025-10-07,West,Sports,Dumbbells,Wholesale,1,34.99,0.1,31.49,16.74,14.75
ORD-02338,2022-07-10,East,Electronics,Smartphone,Corporate,4,699.0,0.0,2796.0,1530.76,1265.24
ORD-02339,2022-06-24,North,Sports,Treadmill,Retail,4,499.0,0.1,1796.4,1090.27,706.13
ORD-02340,2023-10-07,East,Sports,Resistance Band,Retail,3,15.99,0.2,38.38,27.27,11.11
ORD-02341,2022-01-08,South,Electronics,Monitor,Wholesale,5,279.0,0.1,1255.5,705.18,550.32
ORD-02342,2023-11-06,West,Sports,Dumbbells,Wholesale,2,34.99,0.2,55.98,31.97,24.01
ORD-02343,2025-09-30,West,Sports,Treadmill,Wholesale,1,499.0,0.2,399.2,253.97,145.23
ORD-02344,2023-09-05,North,Electronics,Smartphone,Retail,2,699.0,0.05,1328.1,742.68,585.42
ORD-02345,2024-03-27,East,Sports,Dumbbells,Corporate,5,34.99,0.1,157.46,79.12,78.34
ORD-02346,2023-02-03,West,Sports,Resistance Band,Corporate,2,15.99,0.0,31.98,16.2,15.78
ORD-02347,2025-03-08,West,Clothing,Sneakers,Corporate,6,79.99,0.0,479.94,253.98,225.96
ORD-02348,2024-06-06,North,Sports,Resistance Band,Retail,4,15.99,0.1,57.56,29.48,28.08
ORD-02349,2024-01-30,West,Clothing,Jacket,Wholesale,5,89.99,0.1,404.95,233.15,171.8
ORD-02350,2022-02-17,South,Clothing,T-Shirt,Corporate,1,19.99,0.0,19.99,10.29,9.7
ORD-02351,2024-01-05,West,Clothing,Sneakers,Retail,1,79.99,0.0,79.99,42.63,37.36
ORD-02352,2025-03-16,East,Clothing,T-Shirt,Wholesale,4,19.99,0.1,71.96,40.01,31.95
ORD-02353,2022-08-30,West,Sports,Water Bottle,Wholesale,4,12.99,0.2,41.57,29.21,12.36
ORD-02354,2023-08-31,West,Clothing,T-Shirt,Wholesale,1,19.99,0.2,15.99,10.65,5.34
ORD-02355,2022-07-08,West,Clothing,Sneakers,Wholesale,3,79.99,0.1,215.97,129.7,86.27
ORD-02356,2023-11-16,North,Sports,Dumbbells,Wholesale,3,34.99,0.2,83.98,58.75,25.23
ORD-02357,2022-09-28,North,Home & Kitchen,Toaster,Retail,3,29.99,0.05,85.47,51.73,33.74
ORD-02358,2023-10-16,West,Clothing,T-Shirt,Retail,4,19.99,0.0,79.96,41.94,38.02
ORD-02359,2025-12-25,North,Electronics,Laptop,Wholesale,3,899.0,0.2,2157.6,1577.13,580.47
ORD-02360,2023-07-18,North,Sports,Yoga Mat,Wholesale,2,24.99,0.1,44.98,24.58,20.4
ORD-02361,2022-12-30,South,Home & Kitchen,Toaster,Corporate,1,29.99,0.0,29.99,13.9,16.09
ORD-02362,2025-08-28,South,Clothing,Jacket,Wholesale,4,89.99,0.1,323.96,166.85,157.11
ORD-02363,2022-05-29,West,Home & Kitchen,Mixer,Corporate,3,39.99,0.0,119.97,70.96,49.01
ORD-02364,2025-11-30,North,Electronics,Laptop,Wholesale,5,899.0,0.1,4045.5,2434.32,1611.18
ORD-02365,2022-08-12,North,Home & Kitchen,Coffee Maker,Retail,4,59.99,0.0,239.96,134.89,105.07
ORD-02366,2024-01-13,South,Sports,Dumbbells,Retail,5,34.99,0.0,174.95,83.97,90.98
ORD-02367,2024-08-04,North,Sports,Resistance Band,Wholesale,3,15.99,0.2,38.38,21.69,16.69
ORD-02368,2023-06-10,North,Home & Kitchen,Lamp,Corporate,3,24.99,0.2,59.98,37.03,22.95
ORD-02369,2022-10-16,West,Sports,Resistance Band,Corporate,6,15.99,0.05,91.14,48.13,43.01
ORD-02370,2023-06-11,East,Sports,Dumbbells,Corporate,4,34.99,0.2,111.97,64.83,47.14
ORD-02371,2024-11-20,South,Sports,Yoga Mat,Corporate,3,24.99,0.1,67.47,34.67,32.8
ORD-02372,2022-05-25,North,Home & Kitchen,Toaster,Corporate,1,29.99,0.0,29.99,15.08,14.91
ORD-02373,2025-09-21,West,Clothing,Jeans,Corporate,1,49.99,0.0,49.99,24.1,25.89
ORD-02374,2024-01-08,West,Home & Kitchen,Lamp,Retail,2,24.99,0.0,49.98,25.64,24.34
ORD-02375,2024-04-10,East,Sports,Dumbbells,Corporate,4,34.99,0.05,132.96,67.05,65.91
ORD-02376,2023-03-25,East,Home & Kitchen,Lamp,Retail,5,24.99,0.0,124.95,66.48,58.47
ORD-02377,2023-10-14,South,Sports,Treadmill,Wholesale,4,499.0,0.1,1796.4,1059.93,736.47
ORD-02378,2023-11-16,North,Sports,Water Bottle,Wholesale,3,12.99,0.2,31.18,17.83,13.35
ORD-02379,2024-07-08,East,Home & Kitchen,Mixer,Corporate,3,39.99,0.05,113.97,56.86,57.11
ORD-02380,2023-01-10,North,Electronics,Tablet,Wholesale,4,329.0,0.1,1184.4,613.35,571.05
ORD-02381,2025-07-12,East,Electronics,Tablet,Retail,1,329.0,0.0,329.0,194.98,134.02
ORD-02382,2024-08-05,West,Electronics,Tablet,Corporate,1,329.0,0.2,263.2,194.56,68.64
ORD-02383,2024-03-07,North,Clothing,Jeans,Wholesale,1,49.99,0.1,44.99,27.87,17.12
ORD-02384,2023-04-24,East,Home & Kitchen,Mixer,Corporate,2,39.99,0.0,79.98,46.7,33.28
ORD-02385,2022-10-04,South,Sports,Treadmill,Retail,5,499.0,0.0,2495.0,1449.07,1045.93
ORD-02386,2022-01-22,South,Sports,Dumbbells,Retail,1,34.99,0.0,34.99,16.33,18.66
ORD-02387,2023-01-10,East,Home & Kitchen,Vacuum,Wholesale,5,129.99,0.1,584.96,295.6,289.36
ORD-02388,2022-03-31,West,Electronics,Monitor,Wholesale,2,279.0,0.1,502.2,255.24,246.96
ORD-02389,2025-12-21,East,Electronics,Smartphone,Corporate,1,699.0,0.05,664.05,344.73,319.32
ORD-02390,2025-06-27,South,Home & Kitchen,Mixer,Retail,2,39.99,0.2,63.98,46.76,17.22
ORD-02391,2022-01-07,East,Home & Kitchen,Coffee Maker,Corporate,1,59.99,0.0,59.99,30.85,29.14
ORD-02392,2025-06-06,East,Electronics,Laptop,Retail,4,899.0,0.1,3236.4,2108.98,1127.42
ORD-02393,2025-09-01,East,Clothing,Dress,Retail,3,59.99,0.0,179.97,101.5,78.47
ORD-02394,2024-02-05,East,Clothing,T-Shirt,Retail,3,19.99,0.05,56.97,27.62,29.35
ORD-02395,2024-04-14,West,Electronics,Laptop,Corporate,6,899.0,0.1,4854.6,2474.87,2379.73
ORD-02396,2024-03-03,West,Sports,Treadmill,Corporate,1,499.0,0.0,499.0,299.11,199.89
ORD-02397,2023-07-01,South,Clothing,Jeans,Corporate,5,49.99,0.0,249.95,123.98,125.97
ORD-02398,2024-02-07,South,Electronics,Laptop,Retail,4,899.0,0.05,3416.2,2027.48,1388.72
ORD-02399,2023-11-16,East,Electronics,Smartphone,Retail,2,699.0,0.0,1398.0,644.38,753.62
ORD-02400,2024-02-17,East,Home & Kitchen,Coffee Maker,Wholesale,4,59.99,0.1,215.96,118.27,97.69
ORD-02401,2025-01-05,East,Clothing,Dress,Corporate,1,59.99,0.2,47.99,28.68,19.31
ORD-02402,2025-12-09,South,Clothing,Jeans,Retail,3,49.99,0.0,149.97,86.74,63.23
ORD-02403,2022-02-01,North,Electronics,Monitor,Corporate,1,279.0,0.0,279.0,152.22,126.78
ORD-02404,2025-02-12,West,Home & Kitchen,Coffee Maker,Wholesale,1,59.99,0.1,53.99,27.79,26.2
ORD-02405,2024-06-28,South,Clothing,Dress,Wholesale,1,59.99,0.1,53.99,35.06,18.93
ORD-02406,2024-07-23,East,Sports,Treadmill,Corporate,5,499.0,0.0,2495.0,1155.58,1339.42
ORD-02407,2025-04-30,West,Home & Kitchen,Coffee Maker,Retail,3,59.99,0.0,179.97,92.3,87.67
ORD-02408,2022-01-18,South,Sports,Treadmill,Wholesale,3,499.0,0.1,1347.3,715.54,631.76
ORD-02409,2024-08-04,West,Electronics,Tablet,Retail,1,329.0,0.0,329.0,187.59,141.41
ORD-02410,2023-04-08,North,Clothing,Jeans,Retail,4,49.99,0.2,159.97,118.7,41.27
ORD-02411,2025-08-18,South,Electronics,Headphones,Wholesale,6,149.0,0.1,804.6,479.12,325.48
ORD-02412,2022-01-09,East,Electronics,Monitor,Corporate,1,279.0,0.1,251.1,143.82,107.28
ORD-02413,2024-01-31,East,Electronics,Tablet,Wholesale,3,329.0,0.1,888.3,546.34,341.96
ORD-02414,2022-12-09,North,Sports,Resistance Band,Wholesale,5,15.99,0.1,71.95,44.48,27.47
ORD-02415,2023-04-30,West,Clothing,T-Shirt,Corporate,7,19.99,0.1,125.94,82.75,43.19
ORD-02416,2025-04-06,West,Clothing,Dress,Corporate,3,59.99,0.0,179.97,104.37,75.6
ORD-02417,2022-07-16,South,Clothing,Sneakers,Corporate,2,79.99,0.0,159.98,73.29,86.69
ORD-02418,2023-03-14,East,Clothing,Jeans,Retail,2,49.99,0.2,79.98,59.17,20.81
ORD-02419,2023-06-01,North,Home & Kitchen,Toaster,Corporate,4,29.99,0.0,119.96,65.77,54.19
ORD-02420,2022-09-27,North,Electronics,Monitor,Retail,3,279.0,0.2,669.6,401.29,268.31
ORD-02421,2025-10-10,South,Electronics,Smartphone,Corporate,1,699.0,0.0,699.0,343.59,355.41
ORD-02422,2025-11-26,South,Clothing,Jeans,Wholesale,2,49.99,0.2,79.98,51.57,28.41
ORD-02423,2022-09-18,North,Clothing,Jacket,Retail,2,89.99,0.0,179.98,105.25,74.73
ORD-02424,2024-10-27,North,Sports,Treadmill,Retail,1,499.0,0.05,474.05,243.52,230.53
ORD-02425,2022-01-06,North,Home & Kitchen,Lamp,Wholesale,2,24.99,0.1,44.98,25.92,19.06
ORD-02426,2024-03-25,North,Clothing,Jeans,Retail,1,49.99,0.2,39.99,22.67,17.32
ORD-02427,2025-05-10,North,Sports,Dumbbells,Corporate,4,34.99,0.0,139.96,70.92,69.04
ORD-02428,2022-03-25,South,Clothing,T-Shirt,Corporate,1,19.99,0.0,19.99,9.74,10.25
ORD-02429,2025-01-13,East,Electronics,Tablet,Retail,4,329.0,0.0,1316.0,704.22,611.78
ORD-02430,2022-08-31,West,Sports,Dumbbells,Wholesale,4,34.99,0.1,125.96,74.68,51.28
ORD-02431,2024-05-05,West,Sports,Dumbbells,Retail,4,34.99,0.05,132.96,82.5,50.46
ORD-02432,2025-03-14,West,Home & Kitchen,Toaster,Wholesale,1,29.99,0.1,26.99,17.0,9.99
ORD-02433,2023-09-08,North,Sports,Water Bottle,Corporate,4,12.99,0.0,51.96,28.72,23.24
ORD-02434,2023-01-22,South,Sports,Treadmill,Wholesale,1,499.0,0.1,449.1,272.99,176.11
ORD-02435,2022-12-09,West,Clothing,Jeans,Retail,2,49.99,0.05,94.98,58.22,36.76
ORD-02436,2022-07-01,East,Clothing,Jacket,Corporate,2,89.99,0.05,170.98,98.96,72.02
ORD-02437,2023-12-05,East,Home & Kitchen,Coffee Maker,Corporate,1,59.99,0.2,47.99,31.63,16.36
ORD-02438,2025-07-27,North,Sports,Resistance Band,Wholesale,5,15.99,0.1,71.95,44.85,27.1
ORD-02439,2022-10-30,South,Home & Kitchen,Mixer,Wholesale,5,39.99,0.1,179.96,110.45,69.51
ORD-02440,2023-03-28,South,Home & Kitchen,Coffee Maker,Wholesale,2,59.99,0.2,95.98,71.37,24.61
ORD-02441,2024-08-01,South,Home & Kitchen,Mixer,Retail,3,39.99,0.1,107.97,58.23,49.74
ORD-02442,2023-06-18,South,Electronics,Smartphone,Corporate,1,699.0,0.0,699.0,403.5,295.5
ORD-02443,2024-10-19,West,Electronics,Headphones,Corporate,3,149.0,0.2,357.6,227.33,130.27
ORD-02444,2025-02-28,East,Sports,Treadmill,Corporate,4,499.0,0.05,1896.2,1073.9,822.3
ORD-02445,2023-07-04,East,Clothing,Jacket,Wholesale,2,89.99,0.1,161.98,91.0,70.98
ORD-02446,2023-07-09,West,Sports,Resistance Band,Wholesale,5,15.99,0.1,71.95,41.15,30.8
ORD-02447,2022-09-17,North,Clothing,Jacket,Corporate,3,89.99,0.0,269.97,122.38,147.59
ORD-02448,2022-01-17,East,Home & Kitchen,Lamp,Wholesale,1,24.99,0.1,22.49,11.94,10.55
ORD-02449,2025-05-05,South,Home & Kitchen,Toaster,Wholesale,5,29.99,0.1,134.95,76.41,58.54
ORD-02450,2023-01-08,North,Clothing,T-Shirt,Wholesale,4,19.99,0.1,71.96,37.62,34.34
ORD-02451,2025-04-20,North,Home & Kitchen,Coffee Maker,Wholesale,4,59.99,0.1,215.96,141.57,74.39
ORD-02452,2022-04-18,East,Clothing,Jeans,Wholesale,2,49.99,0.1,89.98,57.24,32.74
ORD-02453,2023-10-11,East,Clothing,T-Shirt,Corporate,4,19.99,0.1,71.96,40.93,31.03
ORD-02454,2024-07-26,South,Electronics,Laptop,Wholesale,1,899.0,0.2,719.2,503.11,216.09
ORD-02455,2024-12-23,East,Clothing,Jeans,Corporate,1,49.99,0.0,49.99,25.26,24.73
ORD-02456,2024-07-03,North,Home & Kitchen,Toaster,Corporate,2,29.99,0.0,59.98,30.25,29.73
ORD-02457,2023-07-27,South,Sports,Resistance Band,Corporate,4,15.99,0.0,63.96,31.34,32.62
ORD-02458,2025-08-25,West,Electronics,Laptop,Corporate,5,899.0,0.2,3596.0,2652.34,943.66
ORD-02459,2022-02-21,West,Home & Kitchen,Coffee Maker,Corporate,3,59.99,0.05,170.97,93.21,77.76
ORD-02460,2024-05-30,West,Home & Kitchen,Vacuum,Retail,2,129.99,0.0,259.98,121.34,138.64
ORD-02461,2025-08-15,North,Home & Kitchen,Coffee Maker,Wholesale,4,59.99,0.1,215.96,110.25,105.71
ORD-02462,2023-10-29,North,Electronics,Laptop,Retail,2,899.0,0.2,1438.4,857.16,581.24
ORD-02463,2022-05-15,East,Clothing,Jacket,Retail,4,89.99,0.2,287.97,207.7,80.27
ORD-02464,2022-09-03,West,Electronics,Tablet,Retail,3,329.0,0.0,987.0,558.04,428.96
ORD-02465,2024-03-26,North,Sports,Yoga Mat,Wholesale,1,24.99,0.1,22.49,11.7,10.79
ORD-02466,2025-06-28,East,Home & Kitchen,Coffee Maker,Corporate,5,59.99,0.05,284.95,142.9,142.05
ORD-02467,2022-02-24,South,Sports,Yoga Mat,Corporate,3,24.99,0.0,74.97,41.82,33.15
ORD-02468,2023-12-23,South,Clothing,Jeans,Wholesale,2,49.99,0.1,89.98,54.59,35.39
ORD-02469,2023-04-10,South,Clothing,T-Shirt,Corporate,3,19.99,0.0,59.97,34.66,25.31
ORD-02470,2025-11-21,South,Home & Kitchen,Coffee Maker,Retail,2,59.99,0.0,119.98,61.61,58.37
ORD-02471,2024-11-04,East,Electronics,Monitor,Wholesale,3,279.0,0.1,753.3,445.86,307.44
ORD-02472,2022-04-04,South,Sports,Resistance Band,Retail,4,15.99,0.0,63.96,36.12,27.84
ORD-02473,2023-02-14,West,Electronics,Laptop,Corporate,1,899.0,0.0,899.0,452.32,446.68
ORD-02474,2023-04-01,South,Electronics,Monitor,Wholesale,5,279.0,0.1,1255.5,739.52,515.98
ORD-02475,2024-04-04,West,Clothing,Jacket,Retail,5,89.99,0.0,449.95,212.27,237.68
ORD-02476,2025-11-15,South,Clothing,Jeans,Corporate,5,49.99,0.0,249.95,136.28,113.67
ORD-02477,2023-08-22,East,Clothing,Jacket,Corporate,5,89.99,0.2,359.96,260.39,99.57
ORD-02478,2022-11-12,South,Clothing,Jacket,Corporate,4,89.99,0.0,359.96,182.34,177.62
ORD-02479,2023-11-23,South,Home & Kitchen,Mixer,Corporate,4,39.99,0.0,159.96,91.97,67.99
ORD-02480,2024-09-07,South,Electronics,Laptop,Wholesale,4,899.0,0.1,3236.4,1986.97,1249.43
ORD-02481,2023-07-19,North,Clothing,T-Shirt,Corporate,4,19.99,0.2,63.97,39.76,24.21
ORD-02482,2023-09-17,North,Home & Kitchen,Coffee Maker,Wholesale,1,59.99,0.2,47.99,27.64,20.35
ORD-02483,2022-12-24,West,Electronics,Tablet,Wholesale,3,329.0,0.2,789.6,514.26,275.34
ORD-02484,2024-03-01,North,Home & Kitchen,Toaster,Wholesale,4,29.99,0.1,107.96,60.49,47.47
ORD-02485,2025-03-10,North,Clothing,T-Shirt,Corporate,3,19.99,0.0,59.97,30.84,29.13
ORD-02486,2023-07-03,North,Electronics,Tablet,Corporate,2,329.0,0.0,658.0,297.77,360.23
ORD-02487,2022-07-07,West,Clothing,Dress,Retail,3,59.99,0.05,170.97,90.64,80.33
ORD-02488,2022-05-04,West,Electronics,Smartphone,Retail,1,699.0,0.0,699.0,384.45,314.55
ORD-02489,2025-06-29,West,Electronics,Smartphone,Corporate,1,699.0,0.0,699.0,374.48,324.52
ORD-02490,2024-05-30,West,Sports,Resistance Band,Corporate,6,15.99,0.05,91.14,43.7,47.44
ORD-02491,2024-08-29,South,Electronics,Smartphone,Corporate,4,699.0,0.05,2656.2,1355.22,1300.98
ORD-02492,2023-01-15,South,Sports,Water Bottle,Corporate,1,12.99,0.05,12.34,7.71,4.63
ORD-02493,2025-03-27,West,Sports,Treadmill,Corporate,2,499.0,0.0,998.0,589.92,408.08
ORD-02494,2025-03-16,East,Clothing,T-Shirt,Wholesale,5,19.99,0.1,89.95,54.42,35.53
ORD-02495,2023-11-05,East,Clothing,T-Shirt,Corporate,5,19.99,0.2,79.96,55.85,24.11
ORD-02496,2025-07-28,East,Clothing,Jeans,Retail,1,49.99,0.0,49.99,22.84,27.15
ORD-02497,2025-04-15,North,Home & Kitchen,Mixer,Wholesale,3,39.99,0.1,107.97,68.52,39.45
ORD-02498,2023-08-03,West,Home & Kitchen,Vacuum,Corporate,1,129.99,0.0,129.99,61.23,68.76
ORD-02499,2024-08-08,West,Home & Kitchen,Toaster,Wholesale,6,29.99,0.1,161.95,94.37,67.58
ORD-02500,2025-03-18,West,Sports,Treadmill,Wholesale,1,499.0,0.1,449.1,253.42,195.68
ORD-02501,2024-05-23,North,Home & Kitchen,Toaster,Wholesale,1,29.99,0.1,26.99,15.33,11.66
ORD-02502,2023-10-07,South,Sports,Yoga Mat,Wholesale,1,24.99,0.1,22.49,14.02,8.47
ORD-02503,2025-03-03,West,Clothing,Sneakers,Wholesale,3,79.99,0.2,191.98,128.34,63.64
ORD-02504,2022-10-09,West,Clothing,Jacket,Corporate,1,89.99,0.0,89.99,48.51,41.48
ORD-02505,2022-01-17,South,Home & Kitchen,Toaster,Wholesale,1,29.99,0.1,26.99,15.88,11.11
ORD-02506,2024-04-26,South,Sports,Treadmill,Corporate,2,499.0,0.0,998.0,576.84,421.16
ORD-02507,2023-08-17,East,Sports,Treadmill,Retail,3,499.0,0.05,1422.15,821.28,600.87
ORD-02508,2023-09-04,East,Home & Kitchen,Toaster,Retail,2,29.99,0.0,59.98,33.37,26.61
ORD-02509,2023-09-18,North,Sports,Resistance Band,Corporate,5,15.99,0.1,71.95,38.91,33.04
ORD-02510,2023-05-12,East,Home & Kitchen,Lamp,Wholesale,4,24.99,0.1,89.96,48.38,41.58
ORD-02511,2024-04-19,East,Electronics,Tablet,Wholesale,4,329.0,0.1,1184.4,601.62,582.78
ORD-02512,2024-10-22,West,Clothing,Dress,Corporate,5,59.99,0.0,299.95,179.44,120.51
ORD-02513,2024-12-27,East,Electronics,Smartphone,Corporate,1,699.0,0.0,699.0,419.16,279.84
ORD-02514,2024-07-01,South,Electronics,Smartphone,Wholesale,1,699.0,0.1,629.1,364.77,264.33
ORD-02515,2024-11-28,East,Clothing,Jacket,Corporate,4,89.99,0.0,359.96,180.16,179.8
ORD-02516,2022-09-28,South,Electronics,Smartphone,Wholesale,1,699.0,0.1,629.1,373.97,255.13
ORD-02517,2024-02-21,North,Clothing,Dress,Retail,2,59.99,0.1,107.98,54.97,53.01
ORD-02518,2022-10-17,East,Electronics,Smartphone,Wholesale,1,699.0,0.1,629.1,349.5,279.6
ORD-02519,2023-12-31,West,Clothing,Jacket,Retail,5,89.99,0.2,359.96,259.14,100.82
ORD-02520,2025-02-11,West,Electronics,Tablet,Wholesale,4,329.0,0.2,1052.8,663.36,389.44
ORD-02521,2023-01-23,East,Home & Kitchen,Vacuum,Retail,4,129.99,0.0,519.96,240.58,279.38
ORD-02522,2025-01-15,East,Electronics,Smartphone,Retail,4,699.0,0.0,2796.0,1605.8,1190.2
ORD-02523,2025-10-05,South,Electronics,Smartphone,Wholesale,1,699.0,0.1,629.1,333.75,295.35
ORD-02524,2023-03-02,North,Electronics,Headphones,Corporate,2,149.0,0.2,238.4,160.0,78.4
ORD-02525,2025-11-20,West,Electronics,Laptop,Corporate,9,899.0,0.2,6472.8,4021.78,2451.02
ORD-02526,2022-10-16,East,Sports,Resistance Band,Corporate,1,15.99,0.0,15.99,9.32,6.67
ORD-02527,2022-07-03,West,Sports,Treadmill,Wholesale,1,499.0,0.1,449.1,298.92,150.18
ORD-02528,2023-03-02,East,Electronics,Smartphone,Retail,2,699.0,0.0,1398.0,827.74,570.26
ORD-02529,2022-11-28,East,Sports,Water Bottle,Wholesale,3,12.99,0.1,35.07,20.16,14.91
ORD-02530,2022-11-23,South,Clothing,Jeans,Retail,5,49.99,0.0,249.95,135.86,114.09
ORD-02531,2022-01-20,South,Electronics,Smartphone,Retail,3,699.0,0.0,2097.0,1011.44,1085.56
ORD-02532,2023-04-16,North,Clothing,Jeans,Retail,3,49.99,0.05,142.47,78.02,64.45
ORD-02533,2025-11-18,North,Sports,Water Bottle,Wholesale,3,12.99,0.1,35.07,20.09,14.98
ORD-02534,2022-10-18,West,Home & Kitchen,Toaster,Corporate,3,29.99,0.0,89.97,42.83,47.14
ORD-02535,2024-01-29,South,Electronics,Laptop,Wholesale,2,899.0,0.2,1438.4,965.99,472.41
ORD-02536,2024-09-25,South,Clothing,T-Shirt,Retail,2,19.99,0.0,39.98,22.29,17.69
ORD-02537,2022-04-06,South,Home & Kitchen,Vacuum,Retail,1,129.99,0.1,116.99,74.28,42.71
ORD-02538,2022-07-06,West,Clothing,Jeans,Corporate,2,49.99,0.0,99.98,45.87,54.11
ORD-02539,2024-04-27,East,Sports,Dumbbells,Wholesale,4,34.99,0.2,111.97,76.34,35.63
ORD-02540,2023-10-20,East,Sports,Dumbbells,Retail,5,34.99,0.1,157.46,103.28,54.18
ORD-02541,2023-06-25,North,Sports,Treadmill,Wholesale,5,499.0,0.1,2245.5,1323.66,921.84
ORD-02542,2022-11-12,West,Clothing,Jacket,Wholesale,7,89.99,0.1,566.94,300.47,266.47
ORD-02543,2025-05-11,North,Home & Kitchen,Vacuum,Wholesale,4,129.99,0.1,467.96,255.96,212.0
ORD-02544,2024-11-04,South,Clothing,Sneakers,Corporate,2,79.99,0.2,127.98,76.49,51.49
ORD-02545,2022-06-06,South,Electronics,Smartphone,Wholesale,1,699.0,0.1,629.1,327.05,302.05
ORD-02546,2024-11-17,North,Clothing,Jacket,Corporate,5,89.99,0.05,427.45,256.97,170.48
ORD-02547,2025-06-11,North,Electronics,Monitor,Retail,1,279.0,0.05,265.05,137.74,127.31
ORD-02548,2025-07-12,South,Clothing,Jacket,Corporate,1,89.99,0.1,80.99,53.61,27.38
ORD-02549,2023-05-31,East,Clothing,Dress,Retail,3,59.99,0.2,143.98,104.9,39.08
ORD-02550,2024-10-08,North,Clothing,Jeans,Corporate,2,49.99,0.05,94.98,59.17,35.81
ORD-02551,2023-06-06,South,Clothing,Dress,Wholesale,4,59.99,0.1,215.96,113.87,102.09
ORD-02552,2023-08-16,South,Clothing,T-Shirt,Wholesale,4,19.99,0.1,71.96,40.5,31.46
ORD-02553,2025-11-04,East,Sports,Yoga Mat,Corporate,2,24.99,0.2,39.98,28.01,11.97
ORD-02554,2025-01-10,South,Clothing,Jacket,Retail,3,89.99,0.0,269.97,139.42,130.55
ORD-02555,2023-09-17,West,Home & Kitchen,Mixer,Wholesale,3,39.99,0.1,107.97,54.17,53.8
ORD-02556,2025-06-11,West,Home & Kitchen,Mixer,Corporate,7,39.99,0.0,279.93,133.92,146.01
ORD-02557,2024-07-06,West,Home & Kitchen,Lamp,Retail,2,24.99,0.2,39.98,27.42,12.56
ORD-02558,2025-05-09,East,Sports,Yoga Mat,Wholesale,3,24.99,0.1,67.47,38.82,28.65
ORD-02559,2024-08-29,East,Clothing,Jeans,Wholesale,3,49.99,0.1,134.97,70.94,64.03
ORD-02560,2022-06-14,West,Home & Kitchen,Lamp,Corporate,1,24.99,0.1,22.49,11.75,10.74
ORD-02561,2024-01-26,South,Clothing,Dress,Wholesale,3,59.99,0.1,161.97,82.91,79.06
ORD-02562,2023-03-24,North,Clothing,Dress,Corporate,3,59.99,0.0,179.97,101.43,78.54
ORD-02563,2025-04-06,West,Clothing,Sneakers,Corporate,2,79.99,0.2,127.98,91.49,36.49
ORD-02564,2024-04-16,South,Home & Kitchen,Coffee Maker,Wholesale,1,59.99,0.1,53.99,30.39,23.6
ORD-02565,2025-09-20,East,Electronics,Tablet,Retail,2,329.0,0.0,658.0,367.54,290.46
ORD-02566,2025-09-02,North,Electronics,Headphones,Retail,5,149.0,0.0,745.0,413.96,331.04
ORD-02567,2022-05-12,North,Clothing,Jeans,Wholesale,1,49.99,0.1,44.99,28.36,16.63
ORD-02568,2023-08-30,North,Home & Kitchen,Lamp,Corporate,2,24.99,0.05,47.48,26.57,20.91
ORD-02569,2024-10-19,West,Home & Kitchen,Mixer,Wholesale,1,39.99,0.1,35.99,21.18,14.81
ORD-02570,2025-02-13,North,Sports,Treadmill,Corporate,3,499.0,0.0,1497.0,861.64,635.36
ORD-02571,2022-01-02,North,Sports,Yoga Mat,Wholesale,5,24.99,0.1,112.45,73.39,39.06
ORD-02572,2024-06-24,West,Clothing,Jacket,Corporate,5,89.99,0.2,359.96,267.25,92.71
ORD-02573,2024-04-02,East,Sports,Treadmill,Retail,1,499.0,0.1,449.1,257.14,191.96
ORD-02574,2023-03-22,East,Clothing,T-Shirt,Wholesale,5,19.99,0.1,89.95,55.7,34.25
ORD-02575,2022-10-24,South,Electronics,Smartphone,Wholesale,1,699.0,0.2,559.2,321.26,237.94
ORD-02576,2022-12-01,East,Clothing,T-Shirt,Corporate,3,19.99,0.2,47.98,31.35,16.63
ORD-02577,2025-03-09,North,Electronics,Monitor,Corporate,5,279.0,0.05,1325.25,750.82,574.43
ORD-02578,2025-06-09,East,Electronics,Smartphone,Retail,6,699.0,0.0,4194.0,2349.91,1844.09
ORD-02579,2022-04-27,South,Sports,Water Bottle,Corporate,4,12.99,0.0,51.96,29.13,22.83
ORD-02580,2022-12-11,North,Electronics,Laptop,Wholesale,4,899.0,0.2,2876.8,1705.2,1171.6
ORD-02581,2023-02-01,West,Clothing,T-Shirt,Retail,1,19.99,0.0,19.99,9.97,10.02
ORD-02582,2023-07-08,South,Clothing,Dress,Retail,1,59.99,0.0,59.99,31.97,28.02
ORD-02583,2024-05-05,South,Electronics,Laptop,Wholesale,4,899.0,0.2,2876.8,1851.33,1025.47
ORD-02584,2024-06-12,South,Clothing,Jeans,Corporate,5,49.99,0.0,249.95,145.55,104.4
ORD-02585,2025-06-02,West,Clothing,Jeans,Wholesale,4,49.99,0.2,159.97,92.48,67.49
ORD-02586,2025-07-24,North,Sports,Yoga Mat,Wholesale,4,24.99,0.1,89.96,46.55,43.41
ORD-02587,2025-02-04,East,Electronics,Laptop,Retail,1,899.0,0.2,719.2,472.76,246.44
ORD-02588,2023-02-16,South,Clothing,T-Shirt,Retail,5,19.99,0.1,89.95,55.94,34.01
ORD-02589,2023-12-17,South,Sports,Resistance Band,Corporate,1,15.99,0.1,14.39,8.34,6.05
ORD-02590,2025-12-05,North,Sports,Water Bottle,Retail,4,12.99,0.05,49.36,24.12,25.24
ORD-02591,2024-05-15,East,Clothing,T-Shirt,Corporate,5,19.99,0.1,89.95,46.48,43.47
ORD-02592,2023-06-30,South,Electronics,Tablet,Retail,2,329.0,0.05,625.1,390.51,234.59
ORD-02593,2024-08-01,North,Home & Kitchen,Lamp,Corporate,4,24.99,0.1,89.96,57.78,32.18
ORD-02594,2023-05-21,East,Home & Kitchen,Vacuum,Corporate,2,129.99,0.2,207.98,143.34,64.64
ORD-02595,2022-11-05,West,Sports,Treadmill,Wholesale,5,499.0,0.1,2245.5,1351.65,893.85
ORD-02596,2025-03-23,North,Clothing,Jacket,Corporate,4,89.99,0.0,359.96,178.61,181.35
ORD-02597,2025-04-29,South,Home & Kitchen,Toaster,Wholesale,2,29.99,0.1,53.98,29.45,24.53
ORD-02598,2025-07-10,North,Sports,Treadmill,Retail,2,499.0,0.1,898.2,578.09,320.11
ORD-02599,2024-06-30,East,Sports,Yoga Mat,Wholesale,5,24.99,0.1,112.45,64.16,48.29
ORD-02600,2022-05-09,West,Sports,Water Bottle,Wholesale,1,12.99,0.1,11.69,7.37,4.32
ORD-02601,2023-09-21,West,Home & Kitchen,Lamp,Wholesale,4,24.99,0.1,89.96,49.24,40.72
ORD-02602,2022-06-04,South,Home & Kitchen,Mixer,Wholesale,4,39.99,0.1,143.96,77.8,66.16
ORD-02603,2024-11-28,East,Clothing,Sneakers,Retail,5,79.99,0.1,359.95,228.48,131.47
ORD-02604,2024-02-19,East,Electronics,Headphones,Corporate,2,149.0,0.1,268.2,141.55,126.65
ORD-02605,2024-11-20,West,Electronics,Headphones,Retail,1,149.0,0.0,149.0,70.72,78.28
ORD-02606,2024-07-28,North,Sports,Water Bottle,Retail,3,12.99,0.1,35.07,21.05,14.02
ORD-02607,2022-02-07,South,Home & Kitchen,Lamp,Retail,3,24.99,0.0,74.97,39.59,35.38
ORD-02608,2022-01-02,South,Electronics,Headphones,Corporate,3,149.0,0.1,402.3,238.1,164.2
ORD-02609,2025-05-03,West,Home & Kitchen,Mixer,Wholesale,5,39.99,0.1,179.96,90.41,89.55
ORD-02610,2024-01-29,North,Electronics,Laptop,Corporate,1,899.0,0.0,899.0,501.67,397.33
ORD-02611,2024-04-05,North,Home & Kitchen,Coffee Maker,Retail,1,59.99,0.0,59.99,30.48,29.51
ORD-02612,2025-02-16,East,Clothing,Sneakers,Wholesale,5,79.99,0.2,319.96,230.65,89.31
ORD-02613,2024-06-03,West,Electronics,Tablet,Wholesale,8,329.0,0.2,2105.6,1231.11,874.49
ORD-02614,2022-11-28,West,Electronics,Laptop,Retail,1,899.0,0.0,899.0,524.37,374.63
ORD-02615,2022-04-08,South,Home & Kitchen,Toaster,Corporate,3,29.99,0.0,89.97,42.26,47.71
ORD-02616,2022-03-30,West,Sports,Treadmill,Wholesale,4,499.0,0.1,1796.4,1168.37,628.03
ORD-02617,2024-02-06,South,Home & Kitchen,Mixer,Retail,4,39.99,0.0,159.96,90.87,69.09
ORD-02618,2022-08-28,East,Home & Kitchen,Lamp,Retail,5,24.99,0.05,118.7,72.58,46.12
ORD-02619,2023-10-08,West,Clothing,Jeans,Retail,1,49.99,0.0,49.99,24.98,25.01
ORD-02620,2025-07-24,East,Sports,Dumbbells,Wholesale,3,34.99,0.1,94.47,52.08,42.39
ORD-02621,2023-09-14,East,Home & Kitchen,Toaster,Wholesale,5,29.99,0.1,134.95,80.99,53.96
ORD-02622,2022-12-16,North,Clothing,Dress,Retail,2,59.99,0.0,119.98,54.1,65.88
ORD-02623,2022-10-08,East,Home & Kitchen,Toaster,Corporate,2,29.99,0.0,59.98,28.49,31.49
ORD-02624,2022-04-26,North,Clothing,Sneakers,Retail,2,79.99,0.2,127.98,76.43,51.55
ORD-02625,2022-05-20,West,Clothing,Jeans,Corporate,4,49.99,0.05,189.96,113.15,76.81
ORD-02626,2025-08-08,South,Home & Kitchen,Lamp,Corporate,3,24.99,0.2,59.98,41.33,18.65
ORD-02627,2023-10-28,South,Clothing,Dress,Wholesale,3,59.99,0.1,161.97,99.38,62.59
ORD-02628,2022-10-14,East,Electronics,Monitor,Corporate,1,279.0,0.0,279.0,146.03,132.97
ORD-02629,2022-06-22,West,Electronics,Laptop,Wholesale,4,899.0,0.2,2876.8,1643.64,1233.16
ORD-02630,2025-05-12,North,Home & Kitchen,Vacuum,Retail,4,129.99,0.0,519.96,254.98,264.98
ORD-02631,2024-01-20,South,Home & Kitchen,Coffee Maker,Corporate,3,59.99,0.05,170.97,104.58,66.39
ORD-02632,2023-08-29,North,Sports,Dumbbells,Corporate,3,34.99,0.1,94.47,51.96,42.51
ORD-02633,2024-07-29,South,Home & Kitchen,Toaster,Retail,5,29.99,0.0,149.95,68.3,81.65
ORD-02634,2024-09-27,North,Clothing,Jeans,Retail,1,49.99,0.1,44.99,24.13,20.86
ORD-02635,2022-05-21,South,Clothing,Dress,Retail,5,59.99,0.0,299.95,154.19,145.76
ORD-02636,2024-11-16,West,Clothing,Dress,Wholesale,1,59.99,0.1,53.99,31.31,22.68
ORD-02637,2023-02-07,North,Home & Kitchen,Lamp,Retail,4,24.99,0.0,99.96,49.72,50.24
ORD-02638,2023-10-04,South,Electronics,Monitor,Wholesale,3,279.0,0.2,669.6,403.36,266.24
ORD-02639,2023-04-09,West,Electronics,Laptop,Retail,5,899.0,0.05,4270.25,2484.99,1785.26
ORD-02640,2023-08-23,East,Sports,Water Bottle,Corporate,1,12.99,0.2,10.39,6.78,3.61
ORD-02641,2024-02-15,South,Sports,Resistance Band,Wholesale,1,15.99,0.1,14.39,7.73,6.66
ORD-02642,2022-10-07,East,Sports,Water Bottle,Corporate,3,12.99,0.0,38.97,17.84,21.13
ORD-02643,2025-03-23,North,Electronics,Laptop,Retail,1,899.0,0.1,809.1,450.44,358.66
ORD-02644,2025-03-28,North,Clothing,Jacket,Corporate,2,89.99,0.0,179.98,100.0,79.98
ORD-02645,2025-05-02,West,Home & Kitchen,Toaster,Corporate,2,29.99,0.05,56.98,29.48,27.5
ORD-02646,2024-11-24,East,Sports,Resistance Band,Wholesale,3,15.99,0.1,43.17,22.81,20.36
ORD-02647,2024-10-01,East,Home & Kitchen,Lamp,Corporate,2,24.99,0.1,44.98,28.05,16.93
ORD-02648,2022-04-16,South,Clothing,T-Shirt,Corporate,4,19.99,0.2,63.97,42.98,20.99
ORD-02649,2025-01-08,North,Clothing,Jacket,Corporate,5,89.99,0.1,404.95,215.13,189.82
ORD-02650,2024-07-14,North,Sports,Dumbbells,Wholesale,3,34.99,0.1,94.47,55.57,38.9
ORD-02651,2023-11-05,North,Home & Kitchen,Coffee Maker,Retail,4,59.99,0.05,227.96,135.36,92.6
ORD-02652,2024-12-07,West,Electronics,Laptop,Wholesale,2,899.0,0.1,1618.2,951.55,666.65
ORD-02653,2024-06-08,North,Electronics,Tablet,Retail,2,329.0,0.05,625.1,378.44,246.66
ORD-02654,2023-07-18,East,Electronics,Laptop,Retail,5,899.0,0.2,3596.0,2409.0,1187.0
ORD-02655,2022-08-04,West,Sports,Resistance Band,Wholesale,1,15.99,0.1,14.39,8.54,5.85
ORD-02656,2024-05-16,South,Clothing,Jacket,Wholesale,1,89.99,0.2,71.99,51.69,20.3
ORD-02657,2024-10-30,North,Sports,Dumbbells,Wholesale,3,34.99,0.1,94.47,49.23,45.24
ORD-02658,2022-02-10,North,Electronics,Tablet,Corporate,2,329.0,0.0,658.0,297.13,360.87
ORD-02659,2022-09-15,West,Home & Kitchen,Coffee Maker,Retail,3,59.99,0.0,179.97,100.52,79.45
ORD-02660,2025-03-21,North,Home & Kitchen,Lamp,Retail,1,24.99,0.1,22.49,13.93,8.56
ORD-02661,2023-08-04,East,Electronics,Smartphone,Retail,2,699.0,0.05,1328.1,672.42,655.68
ORD-02662,2023-12-04,West,Clothing,Sneakers,Corporate,3,79.99,0.05,227.97,110.83,117.14
ORD-02663,2023-12-16,West,Clothing,Jeans,Retail,3,49.99,0.1,134.97,68.84,66.13
ORD-02664,2025-07-07,East,Home & Kitchen,Vacuum,Wholesale,1,129.99,0.1,116.99,70.84,46.15
ORD-02665,2024-07-11,South,Electronics,Headphones,Corporate,5,149.0,0.0,745.0,400.6,344.4
ORD-02666,2023-01-16,East,Home & Kitchen,Mixer,Wholesale,1,39.99,0.1,35.99,19.74,16.25
ORD-02667,2025-10-22,North,Clothing,Dress,Wholesale,2,59.99,0.1,107.98,62.74,45.24
ORD-02668,2022-02-27,South,Sports,Water Bottle,Retail,4,12.99,0.0,51.96,26.06,25.9
ORD-02669,2023-08-28,South,Electronics,Monitor,Retail,2,279.0,0.2,446.4,308.26,138.14
ORD-02670,2022-03-13,North,Sports,Treadmill,Corporate,2,499.0,0.0,998.0,529.25,468.75
ORD-02671,2023-09-06,West,Home & Kitchen,Mixer,Corporate,4,39.99,0.0,159.96,76.51,83.45
ORD-02672,2025-01-24,North,Clothing,Sneakers,Wholesale,2,79.99,0.1,143.98,78.33,65.65
ORD-02673,2024-05-09,South,Sports,Yoga Mat,Wholesale,5,24.99,0.1,112.45,61.16,51.29
ORD-02674,2025-10-17,East,Sports,Dumbbells,Wholesale,5,34.99,0.1,157.46,84.76,72.7
ORD-02675,2023-03-09,North,Sports,Resistance Band,Wholesale,1,15.99,0.1,14.39,8.38,6.01
ORD-02676,2025-11-24,North,Clothing,Jeans,Wholesale,5,49.99,0.1,224.96,141.1,83.86
ORD-02677,2025-06-10,West,Home & Kitchen,Toaster,Wholesale,2,29.99,0.2,47.98,29.12,18.86
ORD-02678,2025-01-06,West,Clothing,Sneakers,Wholesale,1,79.99,0.1,71.99,36.25,35.74
ORD-02679,2025-02-06,North,Electronics,Monitor,Retail,3,279.0,0.0,837.0,402.15,434.85
ORD-02680,2025-04-24,North,Sports,Yoga Mat,Corporate,5,24.99,0.05,118.7,64.53,54.17
ORD-02681,2024-01-06,South,Clothing,Jeans,Wholesale,4,49.99,0.1,179.96,112.81,67.15
ORD-02682,2022-01-29,East,Electronics,Smartphone,Wholesale,1,699.0,0.1,629.1,410.29,218.81
ORD-02683,2023-01-31,West,Electronics,Smartphone,Retail,3,699.0,0.0,2097.0,1191.37,905.63
ORD-02684,2023-06-21,North,Clothing,Jeans,Corporate,1,49.99,0.1,44.99,22.76,22.23
ORD-02685,2023-12-31,West,Sports,Yoga Mat,Retail,1,24.99,0.0,24.99,11.49,13.5
ORD-02686,2025-12-19,West,Home & Kitchen,Mixer,Retail,5,39.99,0.0,199.95,101.11,98.84
ORD-02687,2025-02-02,North,Electronics,Tablet,Corporate,4,329.0,0.0,1316.0,611.7,704.3
ORD-02688,2022-10-23,South,Home & Kitchen,Lamp,Corporate,4,24.99,0.0,99.96,53.79,46.17
ORD-02689,2025-02-16,West,Clothing,Sneakers,Retail,4,79.99,0.1,287.96,163.51,124.45
ORD-02690,2022-12-30,East,Electronics,Monitor,Wholesale,3,279.0,0.1,753.3,413.01,340.29
ORD-02691,2025-11-22,South,Clothing,Sneakers,Corporate,1,79.99,0.0,79.99,42.4,37.59
ORD-02692,2022-04-16,North,Clothing,Jacket,Corporate,4,89.99,0.1,323.96,185.29,138.67
ORD-02693,2024-02-21,South,Electronics,Monitor,Corporate,1,279.0,0.05,265.05,144.33,120.72
ORD-02694,2022-12-14,North,Clothing,T-Shirt,Retail,1,19.99,0.1,17.99,10.0,7.99
ORD-02695,2024-03-11,West,Clothing,T-Shirt,Corporate,5,19.99,0.05,94.95,59.35,35.6
ORD-02696,2022-03-05,North,Home & Kitchen,Vacuum,Retail,4,129.99,0.1,467.96,258.39,209.57
ORD-02697,2022-07-16,West,Clothing,Jeans,Retail,4,49.99,0.1,179.96,118.95,61.01
ORD-02698,2024-08-02,South,Sports,Dumbbells,Retail,2,34.99,0.0,69.98,38.36,31.62
ORD-02699,2022-11-25,North,Electronics,Smartphone,Corporate,6,699.0,0.1,3774.6,1913.25,1861.35
ORD-02700,2024-08-25,North,Sports,Water Bottle,Wholesale,2,12.99,0.1,23.38,12.16,11.22
ORD-02701,2023-10-10,East,Sports,Dumbbells,Corporate,4,34.99,0.0,139.96,74.94,65.02
ORD-02702,2022-05-21,West,Electronics,Monitor,Wholesale,3,279.0,0.1,753.3,480.24,273.06
ORD-02703,2023-08-24,South,Clothing,Jacket,Retail,2,89.99,0.0,179.98,98.48,81.5
ORD-02704,2022-10-23,East,Clothing,Jeans,Retail,5,49.99,0.0,249.95,140.8,109.15
ORD-02705,2025-09-22,North,Home & Kitchen,Toaster,Wholesale,4,29.99,0.1,107.96,69.88,38.08
ORD-02706,2025-06-17,North,Clothing,Jeans,Wholesale,4,49.99,0.2,159.97,108.74,51.23
ORD-02707,2022-07-13,South,Clothing,Sneakers,Corporate,4,79.99,0.0,319.96,175.25,144.71
ORD-02708,2023-09-07,North,Clothing,Jacket,Corporate,3,89.99,0.2,215.98,136.03,79.95
ORD-02709,2023-12-20,North,Sports,Dumbbells,Corporate,2,34.99,0.0,69.98,32.61,37.37
ORD-02710,2022-08-15,East,Electronics,Smartphone,Corporate,4,699.0,0.05,2656.2,1674.82,981.38
ORD-02711,2023-08-08,West,Home & Kitchen,Vacuum,Retail,5,129.99,0.1,584.96,358.23,226.73
ORD-02712,2023-03-15,West,Sports,Dumbbells,Wholesale,1,34.99,0.1,31.49,17.38,14.11
ORD-02713,2022-02-18,South,Sports,Resistance Band,Retail,1,15.99,0.1,14.39,7.46,6.93
ORD-02714,2024-10-01,East,Clothing,T-Shirt,Wholesale,4,19.99,0.1,71.96,36.51,35.45
ORD-02715,2025-03-15,South,Sports,Resistance Band,Retail,2,15.99,0.0,31.98,18.16,13.82
ORD-02716,2023-07-25,East,Sports,Treadmill,Retail,4,499.0,0.0,1996.0,1049.15,946.85
ORD-02717,2023-04-04,West,Home & Kitchen,Toaster,Retail,4,29.99,0.2,95.97,69.38,26.59
ORD-02718,2022-05-16,South,Clothing,Sneakers,Wholesale,2,79.99,0.1,143.98,80.61,63.37
ORD-02719,2022-01-04,South,Clothing,T-Shirt,Corporate,1,19.99,0.0,19.99,9.05,10.94
ORD-02720,2024-02-11,South,Home & Kitchen,Vacuum,Corporate,4,129.99,0.0,519.96,280.29,239.67
ORD-02721,2022-01-10,North,Electronics,Laptop,Retail,2,899.0,0.0,1798.0,815.34,982.66
ORD-02722,2024-02-27,South,Clothing,Jeans,Corporate,4,49.99,0.0,199.96,117.99,81.97
ORD-02723,2025-04-06,West,Electronics,Monitor,Retail,1,279.0,0.0,279.0,148.29,130.71
ORD-02724,2025-01-26,West,Sports,Treadmill,Corporate,4,499.0,0.0,1996.0,905.1,1090.9
ORD-02725,2025-04-22,East,Clothing,Jeans,Corporate,4,49.99,0.0,199.96,116.69,83.27
ORD-02726,2023-05-16,West,Electronics,Laptop,Corporate,6,899.0,0.2,4315.2,2916.1,1399.1
ORD-02727,2024-01-27,East,Home & Kitchen,Lamp,Wholesale,2,24.99,0.1,44.98,29.71,15.27
ORD-02728,2022-11-04,North,Clothing,Jacket,Wholesale,1,89.99,0.1,80.99,45.4,35.59
ORD-02729,2023-05-05,East,Sports,Water Bottle,Corporate,1,12.99,0.05,12.34,6.47,5.87
ORD-02730,2025-05-28,East,Home & Kitchen,Lamp,Retail,3,24.99,0.05,71.22,38.59,32.63
ORD-02731,2022-04-20,North,Electronics,Tablet,Retail,1,329.0,0.2,263.2,183.63,79.57
ORD-02732,2025-12-17,North,Clothing,Jeans,Wholesale,2,49.99,0.1,89.98,51.69,38.29
ORD-02733,2022-01-03,South,Sports,Yoga Mat,Retail,1,24.99,0.1,22.49,12.54,9.95
ORD-02734,2024-10-14,East,Home & Kitchen,Coffee Maker,Wholesale,4,59.99,0.1,215.96,136.41,79.55
ORD-02735,2025-07-28,South,Sports,Treadmill,Wholesale,2,499.0,0.1,898.2,500.66,397.54
ORD-02736,2022-02-05,North,Home & Kitchen,Mixer,Corporate,2,39.99,0.1,71.98,37.13,34.85
ORD-02737,2022-10-13,East,Electronics,Tablet,Corporate,1,329.0,0.0,329.0,179.06,149.94
ORD-02738,2023-11-02,East,Electronics,Headphones,Corporate,3,149.0,0.0,447.0,205.23,241.77
ORD-02739,2022-12-21,South,Electronics,Headphones,Corporate,4,149.0,0.0,596.0,275.82,320.18
ORD-02740,2023-05-12,South,Sports,Dumbbells,Corporate,1,34.99,0.0,34.99,19.54,15.45
ORD-02741,2022-12-26,South,Clothing,Dress,Retail,4,59.99,0.0,239.96,120.61,119.35
ORD-02742,2022-03-02,East,Home & Kitchen,Mixer,Wholesale,4,39.99,0.2,127.97,82.28,45.69
ORD-02743,2023-04-05,East,Home & Kitchen,Vacuum,Retail,1,129.99,0.0,129.99,71.27,58.72
ORD-02744,2024-06-19,West,Clothing,Jacket,Retail,5,89.99,0.0,449.95,209.7,240.25
ORD-02745,2023-11-13,South,Electronics,Headphones,Corporate,4,149.0,0.2,476.8,356.08,120.72
ORD-02746,2023-09-26,West,Clothing,Jacket,Wholesale,2,89.99,0.1,161.98,83.23,78.75
ORD-02747,2024-12-31,South,Clothing,Jacket,Wholesale,1,89.99,0.2,71.99,49.67,22.32
ORD-02748,2025-09-30,South,Sports,Water Bottle,Wholesale,1,12.99,0.1,11.69,6.61,5.08
ORD-02749,2025-12-11,West,Home & Kitchen,Vacuum,Corporate,2,129.99,0.0,259.98,155.35,104.63
ORD-02750,2024-06-24,West,Sports,Resistance Band,Retail,4,15.99,0.0,63.96,33.32,30.64
ORD-02751,2025-09-18,South,Electronics,Smartphone,Retail,2,699.0,0.05,1328.1,833.55,494.55
ORD-02752,2024-11-11,East,Sports,Treadmill,Wholesale,2,499.0,0.1,898.2,484.32,413.88
ORD-02753,2023-03-06,East,Electronics,Headphones,Retail,5,149.0,0.05,707.75,396.45,311.3
ORD-02754,2022-11-05,North,Home & Kitchen,Vacuum,Wholesale,3,129.99,0.1,350.97,218.67,132.3
ORD-02755,2022-12-02,East,Home & Kitchen,Lamp,Corporate,2,24.99,0.0,49.98,29.76,20.22
ORD-02756,2025-11-16,East,Home & Kitchen,Mixer,Corporate,1,39.99,0.0,39.99,22.02,17.97
ORD-02757,2024-10-06,South,Electronics,Tablet,Wholesale,2,329.0,0.1,592.2,380.7,211.5
ORD-02758,2023-04-24,East,Clothing,Jacket,Corporate,5,89.99,0.0,449.95,236.25,213.7
ORD-02759,2023-01-02,North,Home & Kitchen,Lamp,Wholesale,4,24.99,0.1,89.96,45.33,44.63
ORD-02760,2024-04-09,East,Electronics,Headphones,Retail,1,149.0,0.0,149.0,71.11,77.89
ORD-02761,2024-01-30,East,Clothing,Jacket,Retail,1,89.99,0.2,71.99,43.01,28.98
ORD-02762,2022-08-31,West,Electronics,Headphones,Retail,7,149.0,0.0,1043.0,598.23,444.77
ORD-02763,2024-10-14,South,Electronics,Tablet,Retail,3,329.0,0.0,987.0,474.15,512.85
ORD-02764,2025-12-02,South,Electronics,Tablet,Retail,4,329.0,0.1,1184.4,715.16,469.24
ORD-02765,2022-06-14,North,Home & Kitchen,Mixer,Wholesale,1,39.99,0.1,35.99,19.78,16.21
ORD-02766,2022-08-28,South,Electronics,Monitor,Corporate,1,279.0,0.05,265.05,157.44,107.61
ORD-02767,2024-04-29,North,Electronics,Monitor,Corporate,2,279.0,0.0,558.0,308.33,249.67
ORD-02768,2022-04-15,East,Electronics,Tablet,Corporate,3,329.0,0.2,789.6,513.24,276.36
ORD-02769,2023-11-05,East,Electronics,Laptop,Wholesale,1,899.0,0.1,809.1,450.5,358.6
ORD-02770,2024-12-21,South,Electronics,Laptop,Wholesale,5,899.0,0.1,4045.5,2379.08,1666.42
ORD-02771,2024-12-06,North,Sports,Yoga Mat,Corporate,4,24.99,0.1,89.96,56.38,33.58
ORD-02772,2023-04-10,West,Electronics,Monitor,Corporate,1,279.0,0.1,251.1,130.2,120.9
ORD-02773,2024-08-20,South,Clothing,Jeans,Wholesale,5,49.99,0.1,224.96,136.24,88.72
ORD-02774,2023-05-30,West,Sports,Dumbbells,Retail,5,34.99,0.0,174.95,100.71,74.24
ORD-02775,2024-07-05,West,Electronics,Laptop,Corporate,2,899.0,0.2,1438.4,1004.04,434.36
ORD-02776,2024-01-21,East,Sports,Resistance Band,Wholesale,1,15.99,0.1,14.39,7.6,6.79
ORD-02777,2025-10-02,East,Clothing,Jeans,Retail,2,49.99,0.05,94.98,59.45,35.53
ORD-02778,2022-09-06,West,Electronics,Monitor,Wholesale,6,279.0,0.1,1506.6,965.96,540.64
ORD-02779,2024-03-26,West,Electronics,Monitor,Retail,5,279.0,0.05,1325.25,757.43,567.82
ORD-02780,2023-05-19,East,Clothing,T-Shirt,Wholesale,3,19.99,0.1,53.97,33.61,20.36
ORD-02781,2023-09-03,South,Sports,Dumbbells,Retail,1,34.99,0.05,33.24,20.61,12.63
ORD-02782,2023-02-09,East,Electronics,Tablet,Retail,4,329.0,0.0,1316.0,647.88,668.12
ORD-02783,2025-12-10,North,Clothing,Dress,Wholesale,2,59.99,0.1,107.98,63.74,44.24
ORD-02784,2024-10-27,North,Clothing,T-Shirt,Corporate,1,19.99,0.0,19.99,11.73,8.26
ORD-02785,2024-05-20,North,Electronics,Headphones,Retail,1,149.0,0.0,149.0,75.28,73.72
ORD-02786,2024-02-12,West,Home & Kitchen,Lamp,Retail,5,24.99,0.05,118.7,69.59,49.11
ORD-02787,2023-04-19,East,Clothing,Jacket,Wholesale,5,89.99,0.1,404.95,208.79,196.16
ORD-02788,2022-02-04,North,Home & Kitchen,Vacuum,Retail,4,129.99,0.0,519.96,293.94,226.02
ORD-02789,2024-10-01,West,Electronics,Headphones,Retail,4,149.0,0.2,476.8,336.58,140.22
ORD-02790,2022-10-08,North,Sports,Water Bottle,Corporate,3,12.99,0.0,38.97,18.32,20.65
ORD-02791,2024-02-02,West,Electronics,Headphones,Corporate,3,149.0,0.2,357.6,204.21,153.39
ORD-02792,2025-05-10,West,Clothing,Jeans,Wholesale,3,49.99,0.1,134.97,85.19,49.78
ORD-02793,2024-01-28,East,Sports,Water Bottle,Retail,4,12.99,0.0,51.96,23.67,28.29
ORD-02794,2024-06-23,North,Electronics,Monitor,Wholesale,1,279.0,0.1,251.1,144.96,106.14
ORD-02795,2024-02-26,East,Sports,Resistance Band,Retail,2,15.99,0.05,30.38,17.58,12.8
ORD-02796,2023-03-20,North,Sports,Treadmill,Retail,3,499.0,0.0,1497.0,792.68,704.32
ORD-02797,2024-06-24,East,Electronics,Headphones,Retail,6,149.0,0.2,715.2,463.85,251.35
ORD-02798,2024-02-25,North,Clothing,Dress,Wholesale,2,59.99,0.1,107.98,58.66,49.32
ORD-02799,2025-11-04,West,Clothing,Sneakers,Wholesale,2,79.99,0.1,143.98,95.92,48.06
ORD-02800,2024-05-03,West,Home & Kitchen,Coffee Maker,Retail,1,59.99,0.05,56.99,33.14,23.85
ORD-02801,2024-09-06,North,Clothing,Jacket,Wholesale,2,89.99,0.2,143.98,95.8,48.18
ORD-02802,2024-09-01,West,Clothing,Jacket,Corporate,4,89.99,0.1,323.96,185.27,138.69
ORD-02803,2024-08-31,North,Sports,Dumbbells,Corporate,3,34.99,0.1,94.47,61.7,32.77
ORD-02804,2024-03-16,South,Clothing,T-Shirt,Wholesale,3,19.99,0.1,53.97,33.98,19.99
ORD-02805,2022-01-13,East,Electronics,Tablet,Wholesale,6,329.0,0.1,1776.6,947.52,829.08
ORD-02806,2022-06-21,East,Sports,Water Bottle,Corporate,3,12.99,0.0,38.97,19.37,19.6
ORD-02807,2025-09-05,East,Sports,Water Bottle,Corporate,1,12.99,0.2,10.39,6.77,3.62
ORD-02808,2024-08-06,West,Home & Kitchen,Toaster,Retail,3,29.99,0.0,89.97,48.4,41.57
ORD-02809,2023-05-10,East,Clothing,Jeans,Corporate,4,49.99,0.0,199.96,115.79,84.17
ORD-02810,2022-09-24,West,Clothing,Jeans,Retail,1,49.99,0.0,49.99,29.57,20.42
ORD-02811,2024-09-14,North,Electronics,Laptop,Wholesale,5,899.0,0.2,3596.0,2620.81,975.19
ORD-02812,2025-05-27,North,Sports,Dumbbells,Wholesale,4,34.99,0.1,125.96,64.18,61.78
ORD-02813,2022-11-19,East,Electronics,Headphones,Retail,3,149.0,0.05,424.65,239.85,184.8
ORD-02814,2022-03-08,East,Clothing,T-Shirt,Corporate,4,19.99,0.1,71.96,36.08,35.88
ORD-02815,2023-01-02,South,Electronics,Smartphone,Retail,5,699.0,0.1,3145.5,1989.38,1156.12
ORD-02816,2022-07-15,East,Clothing,Sneakers,Retail,3,79.99,0.05,227.97,137.82,90.15
ORD-02817,2024-05-14,North,Electronics,Monitor,Retail,5,279.0,0.0,1395.0,820.59,574.41
ORD-02818,2024-03-30,South,Sports,Dumbbells,Retail,3,34.99,0.2,83.98,47.41,36.57
ORD-02819,2023-08-20,South,Clothing,Jeans,Wholesale,4,49.99,0.1,179.96,95.49,84.47
ORD-02820,2024-02-11,South,Electronics,Monitor,Retail,2,279.0,0.05,530.1,287.36,242.74
ORD-02821,2025-02-11,North,Clothing,Dress,Wholesale,1,59.99,0.2,47.99,30.57,17.42
ORD-02822,2023-06-17,North,Clothing,Jacket,Corporate,5,89.99,0.2,359.96,243.83,116.13
ORD-02823,2023-10-28,North,Clothing,Dress,Retail,2,59.99,0.0,119.98,62.31,57.67
ORD-02824,2024-10-07,South,Electronics,Smartphone,Corporate,4,699.0,0.05,2656.2,1351.39,1304.81
ORD-02825,2022-04-08,East,Sports,Dumbbells,Wholesale,2,34.99,0.1,62.98,39.03,23.95
ORD-02826,2024-03-20,East,Clothing,Sneakers,Wholesale,2,79.99,0.1,143.98,87.46,56.52
ORD-02827,2023-02-25,West,Home & Kitchen,Lamp,Corporate,5,24.99,0.05,118.7,69.77,48.93
ORD-02828,2025-01-23,West,Home & Kitchen,Mixer,Retail,5,39.99,0.0,199.95,112.58,87.37
ORD-02829,2022-12-14,North,Electronics,Laptop,Retail,6,899.0,0.0,5394.0,2908.73,2485.27
ORD-02830,2023-01-17,North,Home & Kitchen,Toaster,Wholesale,2,29.99,0.1,53.98,27.28,26.7
ORD-02831,2025-01-15,North,Clothing,Jeans,Retail,2,49.99,0.0,99.98,59.34,40.64
ORD-02832,2023-02-27,South,Electronics,Smartphone,Wholesale,2,699.0,0.1,1258.2,661.39,596.81
ORD-02833,2025-08-28,East,Home & Kitchen,Mixer,Retail,1,39.99,0.1,35.99,23.3,12.69
ORD-02834,2023-11-23,East,Home & Kitchen,Mixer,Corporate,2,39.99,0.05,75.98,42.96,33.02
ORD-02835,2025-02-21,East,Clothing,Dress,Retail,2,59.99,0.0,119.98,57.46,62.52
ORD-02836,2023-08-27,South,Sports,Yoga Mat,Corporate,5,24.99,0.05,118.7,58.71,59.99
ORD-02837,2022-02-24,East,Clothing,T-Shirt,Retail,2,19.99,0.0,39.98,22.5,17.48
ORD-02838,2022-11-28,North,Sports,Treadmill,Corporate,5,499.0,0.05,2370.25,1239.91,1130.34
ORD-02839,2025-05-16,South,Electronics,Laptop,Retail,1,899.0,0.05,854.05,458.69,395.36
ORD-02840,2024-09-12,West,Home & Kitchen,Lamp,Wholesale,3,24.99,0.1,67.47,43.93,23.54
ORD-02841,2023-01-09,East,Electronics,Tablet,Retail,2,329.0,0.0,658.0,357.5,300.5
ORD-02842,2025-04-15,South,Clothing,Sneakers,Retail,4,79.99,0.0,319.96,177.72,142.24
ORD-02843,2024-09-13,East,Clothing,Sneakers,Wholesale,2,79.99,0.1,143.98,92.51,51.47
ORD-02844,2024-08-27,East,Clothing,Dress,Retail,4,59.99,0.0,239.96,121.77,118.19
ORD-02845,2025-12-07,North,Sports,Dumbbells,Corporate,4,34.99,0.0,139.96,63.54,76.42
ORD-02846,2025-04-29,South,Home & Kitchen,Toaster,Retail,2,29.99,0.0,59.98,27.54,32.44
ORD-02847,2025-12-15,North,Electronics,Headphones,Retail,2,149.0,0.0,298.0,134.54,163.46
ORD-02848,2023-07-09,South,Clothing,T-Shirt,Retail,5,19.99,0.2,79.96,46.55,33.41
ORD-02849,2025-09-26,North,Sports,Water Bottle,Wholesale,5,12.99,0.1,58.46,35.44,23.02
ORD-02850,2024-08-12,South,Home & Kitchen,Toaster,Corporate,2,29.99,0.0,59.98,35.72,24.26
ORD-02851,2025-01-21,South,Home & Kitchen,Toaster,Corporate,5,29.99,0.0,149.95,80.76,69.19
ORD-02852,2022-01-16,East,Sports,Water Bottle,Wholesale,1,12.99,0.1,11.69,6.81,4.88
ORD-02853,2025-03-22,South,Clothing,Jeans,Corporate,2,49.99,0.1,89.98,53.83,36.15
ORD-02854,2024-05-30,East,Electronics,Headphones,Corporate,6,149.0,0.0,894.0,447.93,446.07
ORD-02855,2025-01-16,East,Sports,Treadmill,Corporate,1,499.0,0.1,449.1,249.52,199.58
ORD-02856,2024-01-06,South,Clothing,Jacket,Retail,4,89.99,0.2,287.97,204.84,83.13
ORD-02857,2024-04-08,South,Electronics,Tablet,Retail,3,329.0,0.0,987.0,541.64,445.36
ORD-02858,2024-01-13,East,Clothing,Jacket,Wholesale,3,89.99,0.1,242.97,153.31,89.66
ORD-02859,2022-12-12,South,Clothing,Jeans,Corporate,3,49.99,0.0,149.97,84.47,65.5
ORD-02860,2023-01-11,East,Sports,Yoga Mat,Wholesale,3,24.99,0.1,67.47,35.67,31.8
ORD-02861,2023-01-22,East,Clothing,T-Shirt,Retail,1,19.99,0.0,19.99,11.37,8.62
ORD-02862,2023-07-15,North,Home & Kitchen,Lamp,Retail,5,24.99,0.0,124.95,67.36,57.59
ORD-02863,2025-05-25,West,Sports,Yoga Mat,Wholesale,3,24.99,0.1,67.47,38.22,29.25
ORD-02864,2023-12-03,North,Home & Kitchen,Vacuum,Wholesale,2,129.99,0.1,233.98,119.59,114.39
ORD-02865,2025-08-18,North,Electronics,Smartphone,Corporate,4,699.0,0.2,2236.8,1577.05,659.75
ORD-02866,2023-03-26,South,Home & Kitchen,Coffee Maker,Retail,5,59.99,0.1,269.95,142.97,126.98
ORD-02867,2023-09-03,West,Electronics,Laptop,Retail,6,899.0,0.2,4315.2,2465.15,1850.05
ORD-02868,2024-12-19,South,Sports,Water Bottle,Wholesale,1,12.99,0.1,11.69,6.62,5.07
ORD-02869,2022-08-16,West,Electronics,Monitor,Corporate,6,279.0,0.0,1674.0,931.26,742.74
ORD-02870,2023-12-26,North,Electronics,Tablet,Wholesale,2,329.0,0.1,592.2,315.83,276.37
ORD-02871,2022-07-04,West,Sports,Yoga Mat,Retail,2,24.99,0.0,49.98,29.86,20.12
ORD-02872,2024-04-20,North,Electronics,Tablet,Wholesale,2,329.0,0.1,592.2,391.35,200.85
ORD-02873,2022-10-09,South,Electronics,Monitor,Corporate,2,279.0,0.0,558.0,260.83,297.17
ORD-02874,2023-02-07,West,Clothing,Sneakers,Wholesale,5,79.99,0.1,359.95,211.38,148.57
ORD-02875,2024-05-10,North,Sports,Yoga Mat,Corporate,3,24.99,0.1,67.47,37.02,30.45
ORD-02876,2022-04-03,East,Sports,Dumbbells,Retail,4,34.99,0.0,139.96,81.0,58.96
ORD-02877,2024-11-13,West,Electronics,Laptop,Retail,5,899.0,0.0,4495.0,2224.88,2270.12
ORD-02878,2022-03-26,South,Home & Kitchen,Lamp,Wholesale,2,24.99,0.1,44.98,24.8,20.18
ORD-02879,2022-06-09,West,Clothing,Jeans,Corporate,3,49.99,0.0,149.97,85.4,64.57
ORD-02880,2024-03-07,East,Sports,Resistance Band,Wholesale,1,15.99,0.1,14.39,8.06,6.33
ORD-02881,2025-01-02,East,Clothing,Sneakers,Retail,2,79.99,0.05,151.98,85.42,66.56
ORD-02882,2023-07-30,West,Clothing,Jeans,Corporate,6,49.99,0.2,239.95,146.95,93.0
ORD-02883,2022-01-25,North,Home & Kitchen,Coffee Maker,Wholesale,5,59.99,0.1,269.95,163.13,106.82
ORD-02884,2024-09-13,East,Clothing,T-Shirt,Wholesale,4,19.99,0.2,63.97,39.32,24.65
ORD-02885,2025-04-23,North,Electronics,Tablet,Wholesale,2,329.0,0.1,592.2,321.94,270.26
ORD-02886,2022-04-13,East,Sports,Water Bottle,Corporate,1,12.99,0.0,12.99,6.28,6.71
ORD-02887,2024-12-06,East,Home & Kitchen,Coffee Maker,Wholesale,4,59.99,0.1,215.96,122.24,93.72
ORD-02888,2022-06-18,West,Home & Kitchen,Vacuum,Wholesale,4,129.99,0.1,467.96,244.23,223.73
ORD-02889,2023-04-24,West,Electronics,Headphones,Corporate,3,149.0,0.0,447.0,255.89,191.11
ORD-02890,2025-06-01,North,Electronics,Smartphone,Retail,4,699.0,0.2,2236.8,1328.21,908.59
ORD-02891,2022-01-23,East,Home & Kitchen,Mixer,Corporate,4,39.99,0.2,127.97,92.17,35.8
ORD-02892,2024-02-28,North,Home & Kitchen,Coffee Maker,Wholesale,3,59.99,0.1,161.97,101.31,60.66
ORD-02893,2022-03-10,East,Electronics,Smartphone,Retail,2,699.0,0.05,1328.1,753.27,574.83
ORD-02894,2023-03-09,North,Sports,Water Bottle,Wholesale,4,12.99,0.2,41.57,25.03,16.54
ORD-02895,2024-08-22,North,Clothing,Jeans,Wholesale,2,49.99,0.1,89.98,51.14,38.84
ORD-02896,2025-03-22,East,Electronics,Tablet,Corporate,1,329.0,0.05,312.55,173.12,139.43
ORD-02897,2024-06-01,East,Clothing,Dress,Retail,3,59.99,0.2,143.98,97.12,46.86
ORD-02898,2024-03-04,West,Clothing,Dress,Corporate,4,59.99,0.2,191.97,137.25,54.72
ORD-02899,2024-11-20,West,Sports,Dumbbells,Retail,4,34.99,0.2,111.97,69.76,42.21
ORD-02900,2025-10-05,East,Clothing,Jeans,Wholesale,1,49.99,0.2,39.99,25.91,14.08
ORD-02901,2025-08-19,West,Electronics,Tablet,Retail,5,329.0,0.05,1562.75,836.67,726.08
ORD-02902,2022-05-06,North,Sports,Yoga Mat,Retail,5,24.99,0.2,99.96,73.03,26.93
ORD-02903,2024-08-29,South,Clothing,Dress,Corporate,5,59.99,0.0,299.95,165.25,134.7
ORD-02904,2025-01-03,South,Sports,Dumbbells,Wholesale,5,34.99,0.1,157.46,89.71,67.75
ORD-02905,2023-02-22,South,Sports,Dumbbells,Retail,4,34.99,0.2,111.97,82.18,29.79
ORD-02906,2024-12-29,West,Home & Kitchen,Lamp,Retail,3,24.99,0.1,67.47,37.02,30.45
ORD-02907,2023-02-27,South,Electronics,Smartphone,Retail,2,699.0,0.2,1118.4,755.24,363.16
ORD-02908,2022-08-20,East,Home & Kitchen,Lamp,Wholesale,5,24.99,0.1,112.45,64.65,47.8
ORD-02909,2025-05-11,South,Electronics,Tablet,Wholesale,3,329.0,0.1,888.3,472.26,416.04
ORD-02910,2023-06-14,South,Home & Kitchen,Coffee Maker,Wholesale,5,59.99,0.1,269.95,168.38,101.57
ORD-02911,2025-09-10,South,Electronics,Smartphone,Wholesale,1,699.0,0.1,629.1,326.26,302.84
ORD-02912,2024-10-25,North,Sports,Water Bottle,Retail,3,12.99,0.2,31.18,18.83,12.35
ORD-02913,2023-12-05,North,Electronics,Monitor,Corporate,3,279.0,0.1,753.3,492.28,261.02
ORD-02914,2022-10-18,North,Home & Kitchen,Mixer,Retail,2,39.99,0.05,75.98,45.29,30.69
ORD-02915,2024-09-01,North,Clothing,Sneakers,Retail,3,79.99,0.0,239.97,124.05,115.92
ORD-02916,2023-02-21,North,Electronics,Tablet,Retail,1,329.0,0.05,312.55,155.46,157.09
ORD-02917,2025-05-15,West,Clothing,Jacket,Retail,4,89.99,0.0,359.96,202.6,157.36
ORD-02918,2025-09-14,North,Sports,Yoga Mat,Wholesale,5,24.99,0.1,112.45,68.59,43.86
ORD-02919,2025-03-03,South,Sports,Treadmill,Retail,1,499.0,0.0,499.0,255.91,243.09
ORD-02920,2024-05-16,North,Sports,Dumbbells,Retail,2,34.99,0.05,66.48,35.75,30.73
ORD-02921,2022-02-01,North,Clothing,T-Shirt,Retail,2,19.99,0.1,35.98,18.71,17.27
ORD-02922,2025-07-25,South,Sports,Yoga Mat,Wholesale,3,24.99,0.1,67.47,36.77,30.7
ORD-02923,2025-05-03,West,Clothing,Jacket,Wholesale,4,89.99,0.2,287.97,206.33,81.64
ORD-02924,2022-01-13,North,Clothing,T-Shirt,Retail,3,19.99,0.2,47.98,35.36,12.62
ORD-02925,2023-09-03,South,Home & Kitchen,Coffee Maker,Retail,4,59.99,0.1,215.96,108.65,107.31
ORD-02926,2022-11-16,South,Sports,Treadmill,Wholesale,2,499.0,0.1,898.2,476.44,421.76
ORD-02927,2025-03-13,West,Sports,Dumbbells,Retail,2,34.99,0.2,55.98,39.48,16.5
ORD-02928,2022-09-28,East,Clothing,Sneakers,Corporate,3,79.99,0.0,239.97,138.38,101.59
ORD-02929,2023-09-24,North,Home & Kitchen,Toaster,Wholesale,2,29.99,0.2,47.98,33.87,14.11
ORD-02930,2024-10-23,North,Sports,Treadmill,Retail,3,499.0,0.2,1197.6,677.3,520.3
ORD-02931,2024-03-30,East,Clothing,T-Shirt,Wholesale,3,19.99,0.2,47.98,32.11,15.87
ORD-02932,2023-05-25,East,Home & Kitchen,Vacuum,Retail,4,129.99,0.0,519.96,311.9,208.06
ORD-02933,2023-04-18,West,Electronics,Monitor,Wholesale,5,279.0,0.1,1255.5,830.76,424.74
ORD-02934,2023-08-05,North,Clothing,Jacket,Wholesale,5,89.99,0.1,404.95,240.74,164.21
ORD-02935,2025-09-27,South,Clothing,T-Shirt,Wholesale,3,19.99,0.1,53.97,32.43,21.54
ORD-02936,2023-01-13,South,Sports,Resistance Band,Wholesale,5,15.99,0.1,71.95,36.11,35.84
ORD-02937,2024-03-26,North,Sports,Resistance Band,Wholesale,5,15.99,0.1,71.95,38.1,33.85
ORD-02938,2024-02-12,South,Clothing,Jeans,Wholesale,3,49.99,0.1,134.97,84.02,50.95
ORD-02939,2025-02-12,West,Sports,Water Bottle,Retail,5,12.99,0.05,61.7,29.35,32.35
ORD-02940,2023-05-21,East,Clothing,T-Shirt,Retail,5,19.99,0.0,99.95,58.4,41.55
ORD-02941,2022-07-15,East,Clothing,Dress,Corporate,5,59.99,0.2,239.96,143.51,96.45
ORD-02942,2022-06-23,South,Clothing,Sneakers,Retail,1,79.99,0.0,79.99,36.05,43.94
ORD-02943,2023-08-17,East,Electronics,Monitor,Retail,3,279.0,0.1,753.3,467.6,285.7
ORD-02944,2023-09-17,South,Electronics,Headphones,Retail,4,149.0,0.0,596.0,278.77,317.23
ORD-02945,2024-11-23,West,Home & Kitchen,Coffee Maker,Corporate,6,59.99,0.0,359.94,193.91,166.03
ORD-02946,2024-06-09,East,Sports,Treadmill,Corporate,2,499.0,0.2,798.4,566.75,231.65
ORD-02947,2022-10-05,East,Electronics,Headphones,Corporate,6,149.0,0.2,715.2,422.59,292.61
ORD-02948,2023-01-10,South,Home & Kitchen,Coffee Maker,Wholesale,1,59.99,0.1,53.99,35.39,18.6
ORD-02949,2024-05-26,North,Home & Kitchen,Lamp,Corporate,5,24.99,0.05,118.7,58.57,60.13
ORD-02950,2025-01-21,North,Home & Kitchen,Vacuum,Retail,5,129.99,0.0,649.95,378.21,271.74
ORD-02951,2024-08-28,East,Clothing,T-Shirt,Retail,4,19.99,0.1,71.96,40.88,31.08
ORD-02952,2024-12-13,West,Home & Kitchen,Vacuum,Corporate,2,129.99,0.2,207.98,152.69,55.29
ORD-02953,2023-08-18,North,Home & Kitchen,Coffee Maker,Corporate,3,59.99,0.05,170.97,87.94,83.03
ORD-02954,2022-12-01,East,Clothing,T-Shirt,Wholesale,2,19.99,0.1,35.98,21.95,14.03
ORD-02955,2024-04-08,North,Electronics,Laptop,Retail,4,899.0,0.0,3596.0,1964.69,1631.31
ORD-02956,2024-10-13,East,Electronics,Smartphone,Retail,3,699.0,0.1,1887.3,1183.27,704.03
ORD-02957,2022-04-03,South,Home & Kitchen,Lamp,Corporate,5,24.99,0.1,112.45,69.76,42.69
ORD-02958,2023-02-11,West,Clothing,Jeans,Wholesale,3,49.99,0.1,134.97,83.95,51.02
ORD-02959,2023-09-28,East,Sports,Treadmill,Wholesale,5,499.0,0.1,2245.5,1122.78,1122.72
ORD-02960,2024-10-07,West,Electronics,Monitor,Retail,4,279.0,0.0,1116.0,554.97,561.03
ORD-02961,2022-01-11,West,Sports,Treadmill,Wholesale,1,499.0,0.1,449.1,229.89,219.21
ORD-02962,2025-07-13,North,Home & Kitchen,Mixer,Corporate,4,39.99,0.2,127.97,77.71,50.26
ORD-02963,2022-12-07,East,Electronics,Headphones,Retail,3,149.0,0.0,447.0,203.63,243.37
ORD-02964,2025-02-17,East,Electronics,Headphones,Retail,3,149.0,0.0,447.0,250.02,196.98
ORD-02965,2023-10-20,West,Home & Kitchen,Toaster,Corporate,5,29.99,0.0,149.95,73.08,76.87
ORD-02966,2022-08-28,West,Electronics,Monitor,Retail,2,279.0,0.1,502.2,271.68,230.52
ORD-02967,2023-09-30,East,Home & Kitchen,Mixer,Retail,5,39.99,0.0,199.95,119.51,80.44
ORD-02968,2025-05-22,South,Clothing,T-Shirt,Corporate,5,19.99,0.0,99.95,55.19,44.76
ORD-02969,2024-02-23,West,Clothing,T-Shirt,Corporate,2,19.99,0.1,35.98,21.32,14.66
ORD-02970,2023-07-25,North,Sports,Resistance Band,Wholesale,5,15.99,0.1,71.95,37.79,34.16
ORD-02971,2022-11-19,East,Electronics,Monitor,Retail,3,279.0,0.2,669.6,452.02,217.58
ORD-02972,2023-04-30,East,Sports,Yoga Mat,Corporate,2,24.99,0.0,49.98,29.48,20.5
ORD-02973,2024-08-17,East,Home & Kitchen,Mixer,Wholesale,5,39.99,0.1,179.96,116.97,62.99
ORD-02974,2024-09-25,North,Sports,Dumbbells,Corporate,5,34.99,0.0,174.95,79.8,95.15
ORD-02975,2022-08-29,North,Home & Kitchen,Coffee Maker,Retail,1,59.99,0.0,59.99,28.79,31.2
ORD-02976,2024-03-09,West,Electronics,Laptop,Retail,3,899.0,0.1,2427.3,1232.68,1194.62
ORD-02977,2024-03-28,South,Clothing,T-Shirt,Retail,1,19.99,0.1,17.99,10.96,7.03
ORD-02978,2023-08-28,West,Clothing,Jeans,Corporate,1,49.99,0.1,44.99,29.28,15.71
ORD-02979,2022-01-15,West,Sports,Treadmill,Corporate,4,499.0,0.0,1996.0,1041.99,954.01
ORD-02980,2022-04-27,South,Clothing,T-Shirt,Corporate,4,19.99,0.0,79.96,39.45,40.51
ORD-02981,2022-05-31,East,Clothing,Dress,Wholesale,3,59.99,0.1,161.97,104.65,57.32
ORD-02982,2024-03-04,West,Clothing,Sneakers,Wholesale,2,79.99,0.2,127.98,90.2,37.78
ORD-02983,2022-01-06,East,Clothing,T-Shirt,Corporate,2,19.99,0.2,31.98,20.3,11.68
ORD-02984,2024-12-30,East,Electronics,Smartphone,Retail,3,699.0,0.1,1887.3,1229.01,658.29
ORD-02985,2023-03-19,West,Sports,Dumbbells,Retail,4,34.99,0.0,139.96,71.24,68.72
ORD-02986,2024-03-22,West,Clothing,Sneakers,Corporate,1,79.99,0.0,79.99,44.77,35.22
ORD-02987,2022-06-29,West,Home & Kitchen,Mixer,Retail,6,39.99,0.0,239.94,108.37,131.57
ORD-02988,2025-04-16,North,Electronics,Smartphone,Retail,1,699.0,0.0,699.0,381.56,317.44
ORD-02989,2024-01-18,South,Electronics,Tablet,Wholesale,3,329.0,0.2,789.6,473.76,315.84
ORD-02990,2024-01-30,West,Home & Kitchen,Coffee Maker,Retail,1,59.99,0.0,59.99,35.72,24.27
ORD-02991,2022-04-12,West,Electronics,Smartphone,Corporate,5,699.0,0.05,3320.25,2062.63,1257.62
ORD-02992,2023-10-21,East,Home & Kitchen,Lamp,Corporate,2,24.99,0.0,49.98,24.88,25.1
ORD-02993,2025-02-14,East,Home & Kitchen,Toaster,Corporate,2,29.99,0.1,53.98,27.81,26.17
ORD-02994,2022-02-03,North,Sports,Treadmill,Wholesale,3,499.0,0.1,1347.3,721.11,626.19
ORD-02995,2023-11-08,West,Sports,Yoga Mat,Retail,2,24.99,0.2,39.98,25.27,14.71
ORD-02996,2024-10-07,West,Electronics,Headphones,Wholesale,3,149.0,0.1,402.3,208.03,194.27
ORD-02997,2022-10-13,East,Sports,Dumbbells,Corporate,4,34.99,0.0,139.96,69.2,70.76
ORD-02998,2022-11-12,West,Sports,Dumbbells,Wholesale,2,34.99,0.1,62.98,35.33,27.65
ORD-02999,2022-02-25,North,Home & Kitchen,Coffee Maker,Corporate,1,59.99,0.0,59.99,30.97,29.02
ORD-03000,2025-07-24,North,Sports,Water Bottle,Wholesale,1,12.99,0.1,11.69,6.67,5.02
